"user_id","group_name","visit_date","visited_at","purchase_flag","revenue","page_views","session_duration_sec"
1001,"B","2026-04-20","2026-04-20 20:06:43",1,"420.02",8,152
1002,"B","2026-04-20","2026-04-20 09:05:13",0,"0.00",7,112
1003,"A","2026-04-20","2026-04-20 19:44:34",0,"0.00",4,148
1004,"A","2026-04-20","2026-04-20 09:48:51",0,"0.00",5,200
1005,"A","2026-04-20","2026-04-20 12:48:21",0,"0.00",5,95
1006,"A","2026-04-20","2026-04-20 14:38:16",0,"0.00",6,252
1007,"B","2026-04-20","2026-04-20 15:05:35",0,"0.00",2,88
1008,"A","2026-04-20","2026-04-20 12:45:04",0,"0.00",6,198
1009,"A","2026-04-20","2026-04-20 12:55:06",0,"0.00",5,85
1010,"A","2026-04-20","2026-04-20 14:22:13",0,"0.00",6,120
1011,"B","2026-04-20","2026-04-20 19:10:34",0,"0.00",2,68
1012,"B","2026-04-20","2026-04-20 19:44:35",0,"0.00",7,161
1013,"A","2026-04-20","2026-04-20 09:51:20",0,"0.00",1,22
1014,"A","2026-04-20","2026-04-20 19:31:25",0,"0.00",6,126
1015,"B","2026-04-20","2026-04-20 11:15:47",0,"0.00",3,69
1016,"B","2026-04-20","2026-04-20 18:25:23",0,"0.00",7,301
1017,"A","2026-04-20","2026-04-20 21:03:55",0,"0.00",8,136
1018,"A","2026-04-20","2026-04-20 10:24:24",0,"0.00",7,238
1019,"B","2026-04-20","2026-04-20 09:43:46",0,"0.00",5,160
1020,"A","2026-04-20","2026-04-20 19:21:07",0,"0.00",5,195
1021,"A","2026-04-20","2026-04-20 20:56:46",0,"0.00",1,45
1022,"A","2026-04-20","2026-04-20 10:55:40",0,"0.00",3,93
1023,"A","2026-04-20","2026-04-20 14:48:10",0,"0.00",4,76
1024,"B","2026-04-20","2026-04-20 14:31:01",0,"0.00",1,34
1025,"A","2026-04-20","2026-04-20 09:15:56",0,"0.00",5,110
1026,"B","2026-04-20","2026-04-20 17:49:08",1,"785.53",6,234
1027,"A","2026-04-20","2026-04-20 17:55:38",0,"0.00",3,69
1028,"A","2026-04-20","2026-04-20 13:25:42",0,"0.00",4,148
1029,"B","2026-04-20","2026-04-20 12:14:04",0,"0.00",8,144
1030,"A","2026-04-20","2026-04-20 12:00:04",0,"0.00",4,132
1031,"B","2026-04-20","2026-04-20 14:04:32",1,"253.92",5,210
1032,"A","2026-04-20","2026-04-20 11:46:59",0,"0.00",4,128
1033,"B","2026-04-20","2026-04-20 16:51:26",0,"0.00",4,160
1034,"A","2026-04-20","2026-04-20 15:26:29",0,"0.00",7,182
1035,"B","2026-04-20","2026-04-20 09:25:46",1,"722.76",15,270
1036,"A","2026-04-20","2026-04-20 12:34:28",0,"0.00",4,84
1037,"A","2026-04-20","2026-04-20 10:28:51",0,"0.00",8,176
1038,"B","2026-04-20","2026-04-20 17:53:00",0,"0.00",1,35
1039,"B","2026-04-20","2026-04-20 15:31:30",0,"0.00",4,80
1040,"A","2026-04-20","2026-04-20 15:00:24",0,"0.00",1,20
1041,"A","2026-04-20","2026-04-20 15:44:46",0,"0.00",8,192
1042,"B","2026-04-20","2026-04-20 12:18:13",0,"0.00",8,152
1043,"B","2026-04-20","2026-04-20 14:03:03",0,"0.00",1,38
1044,"B","2026-04-20","2026-04-20 17:05:54",0,"0.00",3,48
1045,"A","2026-04-20","2026-04-20 10:56:36",0,"0.00",4,108
1046,"A","2026-04-20","2026-04-20 19:37:36",0,"0.00",2,56
1047,"B","2026-04-20","2026-04-20 20:20:15",0,"0.00",4,144
1048,"A","2026-04-20","2026-04-20 14:59:48",0,"0.00",5,145
1049,"B","2026-04-20","2026-04-20 10:34:13",1,"696.93",14,252
1050,"B","2026-04-20","2026-04-20 10:56:15",0,"0.00",6,258
1051,"A","2026-04-20","2026-04-20 21:41:33",0,"0.00",5,170
1052,"A","2026-04-20","2026-04-20 19:06:56",0,"0.00",5,220
1053,"A","2026-04-20","2026-04-20 17:09:17",0,"0.00",2,76
1054,"A","2026-04-20","2026-04-20 19:40:54",0,"0.00",6,126
1055,"A","2026-04-20","2026-04-20 19:27:53",0,"0.00",1,17
1056,"A","2026-04-20","2026-04-20 11:47:28",1,"816.90",15,345
1057,"B","2026-04-20","2026-04-20 10:56:44",0,"0.00",1,18
1058,"B","2026-04-20","2026-04-20 17:09:27",0,"0.00",6,198
1059,"A","2026-04-20","2026-04-20 14:13:43",0,"0.00",1,43
1060,"A","2026-04-20","2026-04-20 20:09:59",0,"0.00",7,238
1061,"B","2026-04-20","2026-04-20 15:01:11",0,"0.00",3,129
1062,"B","2026-04-20","2026-04-20 19:55:47",0,"0.00",7,280
1063,"B","2026-04-20","2026-04-20 09:54:30",0,"0.00",2,54
1064,"A","2026-04-20","2026-04-20 13:52:50",0,"0.00",8,208
1065,"B","2026-04-20","2026-04-20 14:17:55",0,"0.00",4,108
1066,"A","2026-04-20","2026-04-20 17:25:43",0,"0.00",6,210
1067,"B","2026-04-20","2026-04-20 13:11:37",0,"0.00",1,18
1068,"B","2026-04-20","2026-04-20 15:22:46",0,"0.00",2,68
1069,"B","2026-04-20","2026-04-20 18:12:16",0,"0.00",2,54
1070,"A","2026-04-20","2026-04-20 15:04:42",0,"0.00",4,104
1071,"B","2026-04-20","2026-04-20 13:32:19",0,"0.00",2,76
1072,"B","2026-04-20","2026-04-20 11:12:26",0,"0.00",5,160
1073,"B","2026-04-20","2026-04-20 18:19:25",0,"0.00",3,102
1074,"B","2026-04-20","2026-04-20 18:38:41",1,"429.53",11,440
1075,"A","2026-04-20","2026-04-20 16:50:57",0,"0.00",4,124
1076,"B","2026-04-20","2026-04-20 17:42:40",0,"0.00",2,48
1077,"B","2026-04-20","2026-04-20 13:14:51",0,"0.00",4,144
1078,"A","2026-04-20","2026-04-20 21:04:29",1,"395.87",12,408
1079,"A","2026-04-20","2026-04-20 20:24:31",0,"0.00",4,148
1080,"A","2026-04-20","2026-04-20 21:55:49",0,"0.00",1,43
1081,"B","2026-04-20","2026-04-20 21:44:33",0,"0.00",4,80
1082,"A","2026-04-20","2026-04-20 11:51:29",0,"0.00",2,58
1083,"B","2026-04-20","2026-04-20 21:57:28",0,"0.00",6,270
1084,"B","2026-04-20","2026-04-20 17:28:57",0,"0.00",7,287
1085,"A","2026-04-20","2026-04-20 21:15:53",0,"0.00",8,184
1086,"B","2026-04-20","2026-04-20 12:17:28",0,"0.00",8,280
1087,"A","2026-04-20","2026-04-20 14:57:34",0,"0.00",5,125
1088,"A","2026-04-20","2026-04-20 11:45:13",0,"0.00",7,259
1089,"A","2026-04-20","2026-04-20 09:13:53",0,"0.00",8,224
1090,"A","2026-04-20","2026-04-20 21:36:24",0,"0.00",1,42
1091,"A","2026-04-20","2026-04-20 15:54:57",0,"0.00",5,195
1092,"B","2026-04-20","2026-04-20 12:17:27",0,"0.00",4,120
1093,"A","2026-04-20","2026-04-20 11:53:29",0,"0.00",7,266
1094,"B","2026-04-20","2026-04-20 15:37:36",0,"0.00",1,44
1095,"B","2026-04-20","2026-04-20 09:16:24",1,"542.89",12,240
1096,"A","2026-04-20","2026-04-20 15:17:48",0,"0.00",6,234
1097,"B","2026-04-20","2026-04-20 09:47:34",0,"0.00",2,60
1098,"A","2026-04-20","2026-04-20 10:49:41",0,"0.00",4,140
1099,"A","2026-04-20","2026-04-20 11:15:08",1,"397.83",5,170
1100,"A","2026-04-20","2026-04-20 20:16:49",0,"0.00",4,116
1101,"A","2026-04-20","2026-04-20 11:19:06",0,"0.00",2,78
1102,"B","2026-04-20","2026-04-20 20:12:04",0,"0.00",7,189
1103,"B","2026-04-20","2026-04-20 20:49:19",0,"0.00",4,72
1104,"B","2026-04-20","2026-04-20 18:50:02",0,"0.00",2,80
1105,"A","2026-04-20","2026-04-20 17:41:21",0,"0.00",6,102
1106,"A","2026-04-20","2026-04-20 15:23:40",0,"0.00",8,144
1107,"B","2026-04-20","2026-04-20 11:46:33",0,"0.00",3,84
1108,"B","2026-04-20","2026-04-20 15:52:46",0,"0.00",8,232
1109,"B","2026-04-20","2026-04-20 10:17:56",0,"0.00",4,164
1110,"A","2026-04-20","2026-04-20 09:31:54",0,"0.00",7,175
1111,"A","2026-04-20","2026-04-20 13:21:17",0,"0.00",6,240
1112,"B","2026-04-20","2026-04-20 09:33:12",0,"0.00",5,160
1113,"A","2026-04-20","2026-04-20 21:15:44",0,"0.00",8,256
1114,"A","2026-04-20","2026-04-20 09:05:18",0,"0.00",8,320
1115,"A","2026-04-20","2026-04-20 18:23:30",0,"0.00",5,180
1116,"B","2026-04-20","2026-04-20 20:29:17",0,"0.00",6,156
1117,"A","2026-04-20","2026-04-20 10:47:34",0,"0.00",4,100
1118,"B","2026-04-20","2026-04-20 20:30:17",0,"0.00",4,84
1119,"B","2026-04-20","2026-04-20 12:18:14",0,"0.00",5,90
1120,"A","2026-04-20","2026-04-20 09:03:35",0,"0.00",3,69
1121,"A","2026-04-20","2026-04-20 09:36:18",0,"0.00",8,144
1122,"A","2026-04-20","2026-04-20 09:16:55",0,"0.00",3,135
1123,"A","2026-04-20","2026-04-20 10:36:40",0,"0.00",7,210
1124,"B","2026-04-20","2026-04-20 12:07:35",0,"0.00",5,85
1125,"B","2026-04-20","2026-04-20 17:24:28",0,"0.00",4,156
1126,"B","2026-04-20","2026-04-20 18:39:03",0,"0.00",7,168
1127,"B","2026-04-20","2026-04-20 12:16:42",0,"0.00",4,140
1128,"A","2026-04-20","2026-04-20 09:26:28",0,"0.00",2,40
1129,"B","2026-04-20","2026-04-20 13:45:18",0,"0.00",1,22
1130,"B","2026-04-20","2026-04-20 13:50:50",0,"0.00",4,176
1131,"B","2026-04-20","2026-04-20 10:34:14",0,"0.00",4,112
1132,"B","2026-04-20","2026-04-20 09:10:50",0,"0.00",3,51
1133,"A","2026-04-20","2026-04-20 10:29:44",0,"0.00",5,145
1134,"A","2026-04-20","2026-04-20 17:31:28",0,"0.00",5,155
1135,"A","2026-04-20","2026-04-20 13:01:05",1,"545.62",10,340
1136,"A","2026-04-20","2026-04-20 19:52:17",0,"0.00",1,39
1137,"B","2026-04-20","2026-04-20 17:41:28",0,"0.00",3,90
1138,"B","2026-04-20","2026-04-20 16:05:30",0,"0.00",7,245
1139,"A","2026-04-20","2026-04-20 11:21:26",0,"0.00",2,84
1140,"B","2026-04-20","2026-04-20 21:35:02",0,"0.00",7,287
1141,"A","2026-04-20","2026-04-20 21:25:55",0,"0.00",6,108
1142,"B","2026-04-20","2026-04-20 09:12:33",0,"0.00",8,224
1143,"A","2026-04-20","2026-04-20 09:13:17",0,"0.00",8,312
1144,"B","2026-04-20","2026-04-20 20:31:07",0,"0.00",8,344
1145,"A","2026-04-20","2026-04-20 11:19:35",0,"0.00",4,148
1146,"A","2026-04-20","2026-04-20 10:29:07",0,"0.00",4,164
1147,"B","2026-04-20","2026-04-20 20:17:26",0,"0.00",5,155
1148,"B","2026-04-20","2026-04-20 17:09:24",0,"0.00",4,116
1149,"A","2026-04-20","2026-04-20 10:17:49",0,"0.00",3,126
1150,"B","2026-04-20","2026-04-20 09:18:46",0,"0.00",5,205
2001,"B","2026-04-21","2026-04-21 09:45:13",0,"0.00",7,189
2002,"A","2026-04-21","2026-04-21 10:51:55",0,"0.00",2,66
2003,"B","2026-04-21","2026-04-21 10:16:42",0,"0.00",4,116
2004,"B","2026-04-21","2026-04-21 15:39:25",0,"0.00",6,204
2005,"B","2026-04-21","2026-04-21 11:52:43",0,"0.00",8,272
2006,"B","2026-04-21","2026-04-21 11:20:07",0,"0.00",2,72
2007,"A","2026-04-21","2026-04-21 11:32:24",0,"0.00",6,222
2008,"A","2026-04-21","2026-04-21 11:31:40",0,"0.00",7,196
2009,"B","2026-04-21","2026-04-21 11:31:18",0,"0.00",3,96
2010,"A","2026-04-21","2026-04-21 09:55:22",0,"0.00",8,272
2011,"B","2026-04-21","2026-04-21 15:35:32",0,"0.00",4,164
2012,"B","2026-04-21","2026-04-21 20:53:28",0,"0.00",8,224
2013,"A","2026-04-21","2026-04-21 21:14:18",0,"0.00",1,40
2014,"A","2026-04-21","2026-04-21 21:29:36",0,"0.00",5,100
2015,"B","2026-04-21","2026-04-21 10:17:49",0,"0.00",2,66
2016,"B","2026-04-21","2026-04-21 20:28:34",0,"0.00",1,39
2017,"A","2026-04-21","2026-04-21 09:28:16",0,"0.00",4,96
2018,"A","2026-04-21","2026-04-21 10:49:51",0,"0.00",8,336
2019,"A","2026-04-21","2026-04-21 20:39:40",0,"0.00",6,252
2020,"A","2026-04-21","2026-04-21 12:51:03",0,"0.00",4,164
2021,"B","2026-04-21","2026-04-21 20:18:18",0,"0.00",3,75
2022,"B","2026-04-21","2026-04-21 21:50:26",0,"0.00",2,38
2023,"B","2026-04-21","2026-04-21 11:15:09",0,"0.00",3,111
2024,"B","2026-04-21","2026-04-21 11:36:40",0,"0.00",7,210
2025,"A","2026-04-21","2026-04-21 19:50:56",0,"0.00",8,136
2026,"B","2026-04-21","2026-04-21 14:29:31",0,"0.00",5,185
2027,"A","2026-04-21","2026-04-21 16:40:42",1,"819.31",6,228
2028,"B","2026-04-21","2026-04-21 15:52:13",0,"0.00",7,147
2029,"A","2026-04-21","2026-04-21 17:36:08",0,"0.00",5,125
2030,"B","2026-04-21","2026-04-21 19:48:03",0,"0.00",6,258
2031,"A","2026-04-21","2026-04-21 10:59:54",0,"0.00",8,120
2032,"A","2026-04-21","2026-04-21 20:58:08",0,"0.00",7,147
2033,"B","2026-04-21","2026-04-21 19:23:16",0,"0.00",5,85
2034,"A","2026-04-21","2026-04-21 15:40:19",0,"0.00",3,48
2035,"B","2026-04-21","2026-04-21 10:45:06",0,"0.00",7,245
2036,"A","2026-04-21","2026-04-21 12:33:43",0,"0.00",3,99
2037,"A","2026-04-21","2026-04-21 15:44:08",1,"474.86",6,252
2038,"A","2026-04-21","2026-04-21 21:06:06",0,"0.00",2,76
2039,"A","2026-04-21","2026-04-21 21:52:48",0,"0.00",3,81
2040,"B","2026-04-21","2026-04-21 17:36:00",0,"0.00",3,51
2041,"B","2026-04-21","2026-04-21 12:40:47",0,"0.00",6,228
2042,"A","2026-04-21","2026-04-21 12:05:57",0,"0.00",8,336
2043,"A","2026-04-21","2026-04-21 15:20:50",0,"0.00",7,182
2044,"A","2026-04-21","2026-04-21 17:38:38",0,"0.00",2,44
2045,"B","2026-04-21","2026-04-21 19:56:19",0,"0.00",1,42
2046,"A","2026-04-21","2026-04-21 15:18:41",0,"0.00",4,152
2047,"A","2026-04-21","2026-04-21 15:07:15",0,"0.00",4,120
2048,"A","2026-04-21","2026-04-21 14:08:24",0,"0.00",1,26
2049,"B","2026-04-21","2026-04-21 19:11:48",0,"0.00",6,192
2050,"A","2026-04-21","2026-04-21 18:04:00",0,"0.00",2,30
2051,"A","2026-04-21","2026-04-21 13:40:45",1,"248.38",11,341
2052,"B","2026-04-21","2026-04-21 19:34:34",0,"0.00",7,119
2053,"B","2026-04-21","2026-04-21 17:58:13",0,"0.00",5,85
2054,"B","2026-04-21","2026-04-21 18:40:48",0,"0.00",6,162
2055,"B","2026-04-21","2026-04-21 20:27:46",0,"0.00",2,48
2056,"B","2026-04-21","2026-04-21 15:07:29",0,"0.00",4,68
2057,"B","2026-04-21","2026-04-21 11:07:00",1,"732.86",15,570
2058,"B","2026-04-21","2026-04-21 14:33:33",0,"0.00",3,90
2059,"B","2026-04-21","2026-04-21 11:47:49",0,"0.00",3,78
2060,"B","2026-04-21","2026-04-21 09:21:51",0,"0.00",2,78
2061,"A","2026-04-21","2026-04-21 18:40:04",0,"0.00",5,185
2062,"A","2026-04-21","2026-04-21 18:10:23",0,"0.00",1,30
2063,"A","2026-04-21","2026-04-21 20:32:00",0,"0.00",2,44
2064,"A","2026-04-21","2026-04-21 16:23:24",0,"0.00",4,64
2065,"B","2026-04-21","2026-04-21 21:58:45",0,"0.00",1,32
2066,"B","2026-04-21","2026-04-21 15:58:46",0,"0.00",6,132
2067,"A","2026-04-21","2026-04-21 17:43:57",0,"0.00",6,108
2068,"A","2026-04-21","2026-04-21 15:04:56",0,"0.00",1,45
2069,"A","2026-04-21","2026-04-21 10:35:29",0,"0.00",5,125
2070,"A","2026-04-21","2026-04-21 18:15:29",0,"0.00",5,190
2071,"A","2026-04-21","2026-04-21 17:48:50",0,"0.00",4,152
2072,"A","2026-04-21","2026-04-21 14:40:53",1,"528.03",8,256
2073,"B","2026-04-21","2026-04-21 20:46:19",1,"468.01",15,405
2074,"A","2026-04-21","2026-04-21 16:03:09",0,"0.00",4,112
2075,"B","2026-04-21","2026-04-21 17:26:44",0,"0.00",4,172
2076,"B","2026-04-21","2026-04-21 10:32:08",0,"0.00",2,66
2077,"B","2026-04-21","2026-04-21 19:08:15",0,"0.00",1,28
2078,"A","2026-04-21","2026-04-21 20:20:20",0,"0.00",7,259
2079,"A","2026-04-21","2026-04-21 21:49:37",0,"0.00",4,76
2080,"A","2026-04-21","2026-04-21 14:26:07",0,"0.00",8,232
2081,"B","2026-04-21","2026-04-21 13:29:16",0,"0.00",4,116
2082,"B","2026-04-21","2026-04-21 20:44:38",0,"0.00",5,205
2083,"A","2026-04-21","2026-04-21 10:45:15",0,"0.00",6,114
2084,"B","2026-04-21","2026-04-21 13:16:52",0,"0.00",1,36
2085,"B","2026-04-21","2026-04-21 20:35:15",1,"523.51",12,384
2086,"A","2026-04-21","2026-04-21 09:03:53",0,"0.00",3,54
2087,"B","2026-04-21","2026-04-21 15:23:43",0,"0.00",4,164
2088,"B","2026-04-21","2026-04-21 10:01:04",0,"0.00",5,220
2089,"A","2026-04-21","2026-04-21 21:21:07",0,"0.00",3,51
2090,"A","2026-04-21","2026-04-21 18:27:52",0,"0.00",3,132
2091,"B","2026-04-21","2026-04-21 15:11:22",0,"0.00",7,252
2092,"A","2026-04-21","2026-04-21 11:02:39",0,"0.00",5,145
2093,"B","2026-04-21","2026-04-21 15:56:35",0,"0.00",5,150
2094,"A","2026-04-21","2026-04-21 15:12:41",0,"0.00",7,133
2095,"B","2026-04-21","2026-04-21 21:45:22",0,"0.00",1,27
2096,"A","2026-04-21","2026-04-21 18:32:20",0,"0.00",6,264
2097,"A","2026-04-21","2026-04-21 12:01:57",0,"0.00",6,204
2098,"B","2026-04-21","2026-04-21 14:49:37",0,"0.00",8,248
2099,"B","2026-04-21","2026-04-21 19:15:17",0,"0.00",2,44
2100,"B","2026-04-21","2026-04-21 12:36:54",0,"0.00",1,39
2101,"B","2026-04-21","2026-04-21 12:37:20",0,"0.00",3,60
2102,"B","2026-04-21","2026-04-21 20:22:36",0,"0.00",1,37
2103,"B","2026-04-21","2026-04-21 21:56:31",0,"0.00",4,164
2104,"B","2026-04-21","2026-04-21 09:14:38",0,"0.00",1,17
2105,"A","2026-04-21","2026-04-21 18:12:51",0,"0.00",1,25
2106,"A","2026-04-21","2026-04-21 09:09:37",0,"0.00",6,96
2107,"B","2026-04-21","2026-04-21 17:55:23",0,"0.00",2,84
2108,"B","2026-04-21","2026-04-21 10:21:19",0,"0.00",7,231
2109,"A","2026-04-21","2026-04-21 19:31:41",0,"0.00",7,280
2110,"A","2026-04-21","2026-04-21 19:37:52",0,"0.00",6,132
2111,"A","2026-04-21","2026-04-21 11:46:00",0,"0.00",5,95
2112,"B","2026-04-21","2026-04-21 21:36:02",0,"0.00",7,294
2113,"A","2026-04-21","2026-04-21 18:06:59",0,"0.00",4,140
2114,"A","2026-04-21","2026-04-21 14:20:10",0,"0.00",2,44
2115,"B","2026-04-21","2026-04-21 09:16:13",0,"0.00",6,174
2116,"A","2026-04-21","2026-04-21 10:46:00",0,"0.00",5,200
2117,"A","2026-04-21","2026-04-21 15:31:56",0,"0.00",7,140
2118,"A","2026-04-21","2026-04-21 16:50:55",0,"0.00",2,82
2119,"B","2026-04-21","2026-04-21 16:04:51",0,"0.00",4,80
2120,"B","2026-04-21","2026-04-21 10:04:21",0,"0.00",6,138
2121,"A","2026-04-21","2026-04-21 10:21:38",0,"0.00",2,64
2122,"B","2026-04-21","2026-04-21 19:10:38",0,"0.00",1,28
2123,"B","2026-04-21","2026-04-21 12:12:26",0,"0.00",2,50
2124,"B","2026-04-21","2026-04-21 13:19:15",0,"0.00",5,180
2125,"A","2026-04-21","2026-04-21 09:23:00",0,"0.00",8,152
2126,"A","2026-04-21","2026-04-21 10:01:13",0,"0.00",8,168
2127,"A","2026-04-21","2026-04-21 10:19:50",0,"0.00",2,60
2128,"A","2026-04-21","2026-04-21 19:34:24",0,"0.00",5,85
2129,"A","2026-04-21","2026-04-21 16:02:16",0,"0.00",6,120
2130,"A","2026-04-21","2026-04-21 09:09:48",0,"0.00",5,165
2131,"B","2026-04-21","2026-04-21 17:26:48",0,"0.00",6,240
2132,"B","2026-04-21","2026-04-21 17:26:34",0,"0.00",7,287
2133,"B","2026-04-21","2026-04-21 13:05:25",0,"0.00",4,120
2134,"B","2026-04-21","2026-04-21 21:28:11",0,"0.00",3,54
2135,"B","2026-04-21","2026-04-21 12:08:02",0,"0.00",4,160
2136,"A","2026-04-21","2026-04-21 19:09:53",0,"0.00",7,147
2137,"B","2026-04-21","2026-04-21 15:35:25",0,"0.00",2,34
2138,"B","2026-04-21","2026-04-21 09:50:44",0,"0.00",8,352
2139,"B","2026-04-21","2026-04-21 15:09:09",0,"0.00",7,126
2140,"B","2026-04-21","2026-04-21 10:36:49",0,"0.00",2,88
2141,"A","2026-04-21","2026-04-21 15:16:24",0,"0.00",6,258
2142,"B","2026-04-21","2026-04-21 11:17:25",0,"0.00",8,128
2143,"A","2026-04-21","2026-04-21 15:56:56",0,"0.00",7,112
2144,"A","2026-04-21","2026-04-21 13:57:23",0,"0.00",8,352
2145,"A","2026-04-21","2026-04-21 13:53:31",0,"0.00",5,120
2146,"B","2026-04-21","2026-04-21 13:47:28",0,"0.00",4,76
2147,"B","2026-04-21","2026-04-21 19:05:12",0,"0.00",7,238
2148,"A","2026-04-21","2026-04-21 16:48:33",0,"0.00",7,266
2149,"B","2026-04-21","2026-04-21 13:45:32",0,"0.00",3,51
2150,"A","2026-04-21","2026-04-21 12:56:53",0,"0.00",1,20
3001,"B","2026-04-22","2026-04-22 11:51:15",0,"0.00",4,88
3002,"B","2026-04-22","2026-04-22 15:10:20",0,"0.00",1,35
3003,"A","2026-04-22","2026-04-22 09:32:57",0,"0.00",3,51
3004,"A","2026-04-22","2026-04-22 15:19:35",0,"0.00",2,72
3005,"B","2026-04-22","2026-04-22 11:13:23",0,"0.00",3,111
3006,"B","2026-04-22","2026-04-22 19:17:54",0,"0.00",8,280
3007,"B","2026-04-22","2026-04-22 12:41:09",0,"0.00",4,68
3008,"A","2026-04-22","2026-04-22 09:37:01",0,"0.00",5,180
3009,"A","2026-04-22","2026-04-22 19:27:21",0,"0.00",5,210
3010,"A","2026-04-22","2026-04-22 12:59:53",0,"0.00",7,182
3011,"A","2026-04-22","2026-04-22 14:19:42",0,"0.00",6,240
3012,"B","2026-04-22","2026-04-22 16:52:44",0,"0.00",2,70
3013,"A","2026-04-22","2026-04-22 21:46:16",1,"864.17",12,396
3014,"A","2026-04-22","2026-04-22 16:15:08",0,"0.00",2,86
3015,"B","2026-04-22","2026-04-22 18:13:12",0,"0.00",3,90
3016,"A","2026-04-22","2026-04-22 20:23:52",0,"0.00",6,270
3017,"A","2026-04-22","2026-04-22 16:57:37",0,"0.00",3,102
3018,"B","2026-04-22","2026-04-22 13:20:07",0,"0.00",2,62
3019,"B","2026-04-22","2026-04-22 14:08:11",0,"0.00",2,46
3020,"B","2026-04-22","2026-04-22 13:52:44",0,"0.00",6,156
3021,"A","2026-04-22","2026-04-22 20:28:37",0,"0.00",7,189
3022,"A","2026-04-22","2026-04-22 14:59:11",0,"0.00",3,48
3023,"B","2026-04-22","2026-04-22 21:18:31",1,"333.69",15,450
3024,"B","2026-04-22","2026-04-22 20:23:41",0,"0.00",6,270
3025,"B","2026-04-22","2026-04-22 14:59:47",0,"0.00",1,20
3026,"B","2026-04-22","2026-04-22 20:38:17",0,"0.00",6,108
3027,"A","2026-04-22","2026-04-22 17:22:06",0,"0.00",3,108
3028,"B","2026-04-22","2026-04-22 10:51:54",0,"0.00",2,36
3029,"A","2026-04-22","2026-04-22 12:55:15",0,"0.00",1,45
3030,"B","2026-04-22","2026-04-22 10:21:39",0,"0.00",6,108
3031,"A","2026-04-22","2026-04-22 10:41:12",0,"0.00",8,352
3032,"A","2026-04-22","2026-04-22 16:39:58",0,"0.00",7,280
3033,"B","2026-04-22","2026-04-22 16:37:44",0,"0.00",4,160
3034,"B","2026-04-22","2026-04-22 21:29:21",1,"599.55",14,518
3035,"A","2026-04-22","2026-04-22 18:29:18",0,"0.00",3,51
3036,"A","2026-04-22","2026-04-22 14:28:09",0,"0.00",7,175
3037,"B","2026-04-22","2026-04-22 17:50:42",0,"0.00",6,174
3038,"A","2026-04-22","2026-04-22 15:05:57",0,"0.00",5,135
3039,"A","2026-04-22","2026-04-22 11:40:32",0,"0.00",6,234
3040,"A","2026-04-22","2026-04-22 17:12:22",0,"0.00",5,110
3041,"A","2026-04-22","2026-04-22 17:39:12",1,"257.33",6,150
3042,"A","2026-04-22","2026-04-22 11:59:11",0,"0.00",5,170
3043,"B","2026-04-22","2026-04-22 12:08:27",0,"0.00",2,62
3044,"B","2026-04-22","2026-04-22 19:28:33",0,"0.00",4,84
3045,"B","2026-04-22","2026-04-22 09:41:48",0,"0.00",4,140
3046,"B","2026-04-22","2026-04-22 20:13:01",0,"0.00",1,22
3047,"B","2026-04-22","2026-04-22 19:11:58",0,"0.00",2,58
3048,"B","2026-04-22","2026-04-22 15:56:28",0,"0.00",7,140
3049,"A","2026-04-22","2026-04-22 17:03:15",0,"0.00",5,210
3050,"A","2026-04-22","2026-04-22 18:58:06",0,"0.00",1,40
3051,"B","2026-04-22","2026-04-22 16:54:05",0,"0.00",3,108
3052,"A","2026-04-22","2026-04-22 09:01:26",0,"0.00",5,170
3053,"B","2026-04-22","2026-04-22 14:29:48",0,"0.00",4,84
3054,"B","2026-04-22","2026-04-22 16:39:08",0,"0.00",6,168
3055,"B","2026-04-22","2026-04-22 17:51:30",0,"0.00",1,32
3056,"B","2026-04-22","2026-04-22 13:53:23",1,"212.64",5,205
3057,"B","2026-04-22","2026-04-22 14:40:26",0,"0.00",2,44
3058,"A","2026-04-22","2026-04-22 09:18:41",0,"0.00",5,80
3059,"B","2026-04-22","2026-04-22 17:09:24",1,"465.72",13,351
3060,"B","2026-04-22","2026-04-22 16:21:45",0,"0.00",5,85
3061,"B","2026-04-22","2026-04-22 13:58:59",0,"0.00",7,119
3062,"B","2026-04-22","2026-04-22 20:52:44",0,"0.00",1,29
3063,"A","2026-04-22","2026-04-22 17:58:08",0,"0.00",7,140
3064,"B","2026-04-22","2026-04-22 10:20:12",0,"0.00",1,40
3065,"A","2026-04-22","2026-04-22 13:55:37",1,"517.98",14,448
3066,"B","2026-04-22","2026-04-22 19:24:53",0,"0.00",8,344
3067,"A","2026-04-22","2026-04-22 20:05:08",0,"0.00",4,96
3068,"B","2026-04-22","2026-04-22 18:55:30",0,"0.00",8,192
3069,"A","2026-04-22","2026-04-22 13:18:28",0,"0.00",1,39
3070,"B","2026-04-22","2026-04-22 21:21:46",0,"0.00",4,116
3071,"A","2026-04-22","2026-04-22 14:24:10",0,"0.00",7,147
3072,"B","2026-04-22","2026-04-22 18:37:03",1,"784.98",13,364
3073,"B","2026-04-22","2026-04-22 19:35:46",0,"0.00",5,140
3074,"B","2026-04-22","2026-04-22 13:03:04",0,"0.00",3,126
3075,"A","2026-04-22","2026-04-22 20:37:51",1,"781.48",5,180
3076,"A","2026-04-22","2026-04-22 15:16:39",0,"0.00",7,273
3077,"A","2026-04-22","2026-04-22 21:24:34",0,"0.00",4,144
3078,"B","2026-04-22","2026-04-22 14:06:03",0,"0.00",4,128
3079,"B","2026-04-22","2026-04-22 17:59:44",0,"0.00",6,90
3080,"B","2026-04-22","2026-04-22 14:53:44",0,"0.00",8,272
3081,"A","2026-04-22","2026-04-22 15:32:59",0,"0.00",7,245
3082,"B","2026-04-22","2026-04-22 20:17:30",0,"0.00",8,200
3083,"A","2026-04-22","2026-04-22 11:20:21",0,"0.00",8,120
3084,"A","2026-04-22","2026-04-22 10:24:00",0,"0.00",2,84
3085,"B","2026-04-22","2026-04-22 13:52:28",0,"0.00",6,258
3086,"B","2026-04-22","2026-04-22 12:51:41",0,"0.00",7,105
3087,"B","2026-04-22","2026-04-22 10:29:05",0,"0.00",1,39
3088,"B","2026-04-22","2026-04-22 16:38:51",0,"0.00",2,76
3089,"B","2026-04-22","2026-04-22 15:48:27",0,"0.00",3,72
3090,"A","2026-04-22","2026-04-22 14:38:19",0,"0.00",4,144
3091,"A","2026-04-22","2026-04-22 09:20:20",0,"0.00",5,205
3092,"B","2026-04-22","2026-04-22 15:38:11",0,"0.00",1,19
3093,"A","2026-04-22","2026-04-22 19:19:05",0,"0.00",3,96
3094,"A","2026-04-22","2026-04-22 21:07:31",0,"0.00",4,152
3095,"A","2026-04-22","2026-04-22 16:21:11",0,"0.00",7,105
3096,"B","2026-04-22","2026-04-22 14:05:01",1,"702.56",8,296
3097,"A","2026-04-22","2026-04-22 09:09:26",0,"0.00",2,44
3098,"B","2026-04-22","2026-04-22 21:41:45",0,"0.00",7,210
3099,"A","2026-04-22","2026-04-22 13:36:55",0,"0.00",2,36
3100,"B","2026-04-22","2026-04-22 14:10:48",0,"0.00",4,164
3101,"A","2026-04-22","2026-04-22 15:20:29",0,"0.00",1,33
3102,"B","2026-04-22","2026-04-22 19:13:53",0,"0.00",8,248
3103,"B","2026-04-22","2026-04-22 15:40:19",0,"0.00",8,280
3104,"B","2026-04-22","2026-04-22 18:17:40",0,"0.00",2,50
3105,"B","2026-04-22","2026-04-22 18:32:03",0,"0.00",5,140
3106,"B","2026-04-22","2026-04-22 20:56:26",0,"0.00",5,220
3107,"B","2026-04-22","2026-04-22 21:30:40",1,"939.41",11,220
3108,"A","2026-04-22","2026-04-22 13:51:28",1,"554.29",11,275
3109,"B","2026-04-22","2026-04-22 16:07:53",0,"0.00",6,204
3110,"A","2026-04-22","2026-04-22 17:53:48",0,"0.00",6,102
3111,"A","2026-04-22","2026-04-22 11:18:39",0,"0.00",3,126
3112,"B","2026-04-22","2026-04-22 10:59:21",0,"0.00",2,80
3113,"A","2026-04-22","2026-04-22 16:22:48",0,"0.00",7,196
3114,"A","2026-04-22","2026-04-22 21:42:00",0,"0.00",1,15
3115,"A","2026-04-22","2026-04-22 11:26:20",0,"0.00",1,19
3116,"A","2026-04-22","2026-04-22 10:38:08",0,"0.00",8,344
3117,"A","2026-04-22","2026-04-22 11:15:25",0,"0.00",7,126
3118,"B","2026-04-22","2026-04-22 18:27:10",0,"0.00",5,135
3119,"A","2026-04-22","2026-04-22 11:38:20",0,"0.00",1,23
3120,"A","2026-04-22","2026-04-22 17:30:48",0,"0.00",2,64
3121,"A","2026-04-22","2026-04-22 21:26:39",0,"0.00",1,17
3122,"B","2026-04-22","2026-04-22 14:02:52",1,"463.87",8,344
3123,"A","2026-04-22","2026-04-22 10:20:49",0,"0.00",7,308
3124,"B","2026-04-22","2026-04-22 21:19:55",0,"0.00",2,34
3125,"B","2026-04-22","2026-04-22 20:35:39",0,"0.00",3,117
3126,"A","2026-04-22","2026-04-22 13:04:08",0,"0.00",7,189
3127,"B","2026-04-22","2026-04-22 21:49:19",0,"0.00",5,85
3128,"A","2026-04-22","2026-04-22 16:17:31",0,"0.00",5,200
3129,"A","2026-04-22","2026-04-22 19:03:58",0,"0.00",8,320
3130,"B","2026-04-22","2026-04-22 15:51:52",0,"0.00",1,26
3131,"A","2026-04-22","2026-04-22 17:18:45",0,"0.00",4,120
3132,"B","2026-04-22","2026-04-22 19:50:36",0,"0.00",6,216
3133,"B","2026-04-22","2026-04-22 10:46:34",0,"0.00",3,72
3134,"A","2026-04-22","2026-04-22 19:37:17",0,"0.00",5,205
3135,"B","2026-04-22","2026-04-22 20:27:44",0,"0.00",3,135
3136,"A","2026-04-22","2026-04-22 20:48:54",0,"0.00",7,154
3137,"A","2026-04-22","2026-04-22 17:40:06",0,"0.00",8,184
3138,"B","2026-04-22","2026-04-22 10:36:28",0,"0.00",3,78
3139,"A","2026-04-22","2026-04-22 20:25:27",0,"0.00",8,184
3140,"B","2026-04-22","2026-04-22 09:54:49",0,"0.00",7,231
3141,"B","2026-04-22","2026-04-22 10:32:04",0,"0.00",3,132
3142,"B","2026-04-22","2026-04-22 15:01:31",0,"0.00",4,160
3143,"A","2026-04-22","2026-04-22 09:00:08",0,"0.00",2,36
3144,"A","2026-04-22","2026-04-22 11:24:56",0,"0.00",5,155
3145,"A","2026-04-22","2026-04-22 10:54:05",0,"0.00",4,60
3146,"B","2026-04-22","2026-04-22 16:52:54",0,"0.00",3,132
3147,"A","2026-04-22","2026-04-22 12:20:58",1,"266.79",7,273
3148,"A","2026-04-22","2026-04-22 17:12:43",0,"0.00",8,288
3149,"A","2026-04-22","2026-04-22 09:23:35",0,"0.00",2,30
3150,"A","2026-04-22","2026-04-22 09:45:02",0,"0.00",6,228
4001,"A","2026-04-23","2026-04-23 20:20:24",0,"0.00",8,168
4002,"B","2026-04-23","2026-04-23 16:08:07",0,"0.00",8,176
4003,"A","2026-04-23","2026-04-23 17:21:49",0,"0.00",3,84
4004,"B","2026-04-23","2026-04-23 20:41:49",0,"0.00",8,248
4005,"A","2026-04-23","2026-04-23 13:49:39",0,"0.00",6,132
4006,"A","2026-04-23","2026-04-23 18:51:16",0,"0.00",7,224
4007,"A","2026-04-23","2026-04-23 14:43:07",0,"0.00",8,288
4008,"B","2026-04-23","2026-04-23 21:46:48",0,"0.00",1,20
4009,"A","2026-04-23","2026-04-23 12:36:15",0,"0.00",7,203
4010,"B","2026-04-23","2026-04-23 15:28:16",0,"0.00",1,32
4011,"B","2026-04-23","2026-04-23 09:34:12",0,"0.00",5,170
4012,"B","2026-04-23","2026-04-23 10:43:37",0,"0.00",8,352
4013,"A","2026-04-23","2026-04-23 15:42:40",0,"0.00",5,210
4014,"A","2026-04-23","2026-04-23 17:54:25",0,"0.00",6,96
4015,"B","2026-04-23","2026-04-23 21:18:48",0,"0.00",7,203
4016,"A","2026-04-23","2026-04-23 09:08:04",0,"0.00",7,238
4017,"A","2026-04-23","2026-04-23 18:58:59",0,"0.00",2,90
4018,"B","2026-04-23","2026-04-23 16:48:26",1,"514.78",9,288
4019,"B","2026-04-23","2026-04-23 21:44:58",0,"0.00",2,54
4020,"A","2026-04-23","2026-04-23 10:49:10",0,"0.00",6,246
4021,"B","2026-04-23","2026-04-23 19:28:58",1,"340.01",13,390
4022,"B","2026-04-23","2026-04-23 21:42:42",1,"687.61",7,294
4023,"A","2026-04-23","2026-04-23 10:52:24",0,"0.00",3,78
4024,"A","2026-04-23","2026-04-23 17:59:09",0,"0.00",7,112
4025,"B","2026-04-23","2026-04-23 19:19:30",1,"446.40",5,160
4026,"A","2026-04-23","2026-04-23 15:51:20",0,"0.00",7,287
4027,"A","2026-04-23","2026-04-23 19:28:19",0,"0.00",1,34
4028,"A","2026-04-23","2026-04-23 13:25:03",0,"0.00",7,161
4029,"B","2026-04-23","2026-04-23 12:44:36",0,"0.00",1,22
4030,"A","2026-04-23","2026-04-23 11:41:52",0,"0.00",3,69
4031,"B","2026-04-23","2026-04-23 19:53:25",0,"0.00",5,90
4032,"B","2026-04-23","2026-04-23 17:17:36",0,"0.00",7,280
4033,"B","2026-04-23","2026-04-23 20:09:44",0,"0.00",1,15
4034,"B","2026-04-23","2026-04-23 12:39:26",0,"0.00",6,252
4035,"B","2026-04-23","2026-04-23 13:21:42",0,"0.00",3,63
4036,"B","2026-04-23","2026-04-23 10:48:51",0,"0.00",5,220
4037,"B","2026-04-23","2026-04-23 17:17:37",0,"0.00",5,105
4038,"B","2026-04-23","2026-04-23 15:28:43",0,"0.00",6,96
4039,"A","2026-04-23","2026-04-23 13:36:56",0,"0.00",2,32
4040,"A","2026-04-23","2026-04-23 19:49:54",0,"0.00",2,74
4041,"B","2026-04-23","2026-04-23 13:07:15",0,"0.00",6,216
4042,"B","2026-04-23","2026-04-23 15:33:00",0,"0.00",3,72
4043,"B","2026-04-23","2026-04-23 19:24:24",0,"0.00",6,186
4044,"B","2026-04-23","2026-04-23 11:35:39",0,"0.00",3,114
4045,"B","2026-04-23","2026-04-23 10:29:25",0,"0.00",7,105
4046,"B","2026-04-23","2026-04-23 15:35:41",0,"0.00",8,136
4047,"B","2026-04-23","2026-04-23 12:55:05",1,"664.78",7,112
4048,"A","2026-04-23","2026-04-23 20:18:07",0,"0.00",5,220
4049,"A","2026-04-23","2026-04-23 13:41:17",0,"0.00",1,29
4050,"A","2026-04-23","2026-04-23 11:23:55",0,"0.00",4,160
4051,"B","2026-04-23","2026-04-23 10:06:41",0,"0.00",2,64
4052,"B","2026-04-23","2026-04-23 12:39:10",0,"0.00",3,72
4053,"A","2026-04-23","2026-04-23 15:33:16",0,"0.00",1,28
4054,"A","2026-04-23","2026-04-23 14:45:24",0,"0.00",6,96
4055,"B","2026-04-23","2026-04-23 17:54:50",0,"0.00",5,225
4056,"A","2026-04-23","2026-04-23 21:05:40",0,"0.00",7,133
4057,"B","2026-04-23","2026-04-23 13:05:19",0,"0.00",3,48
4058,"A","2026-04-23","2026-04-23 19:15:50",0,"0.00",7,315
4059,"B","2026-04-23","2026-04-23 12:08:05",0,"0.00",7,119
4060,"A","2026-04-23","2026-04-23 17:37:20",0,"0.00",6,144
4061,"A","2026-04-23","2026-04-23 10:16:48",0,"0.00",7,224
4062,"B","2026-04-23","2026-04-23 10:10:25",0,"0.00",4,120
4063,"B","2026-04-23","2026-04-23 14:22:59",0,"0.00",1,33
4064,"B","2026-04-23","2026-04-23 11:37:50",0,"0.00",5,210
4065,"A","2026-04-23","2026-04-23 15:27:28",0,"0.00",1,18
4066,"B","2026-04-23","2026-04-23 16:28:37",0,"0.00",2,54
4067,"A","2026-04-23","2026-04-23 12:28:19",1,"892.99",7,301
4068,"B","2026-04-23","2026-04-23 13:50:43",0,"0.00",6,150
4069,"A","2026-04-23","2026-04-23 19:23:35",0,"0.00",4,156
4070,"A","2026-04-23","2026-04-23 19:55:37",0,"0.00",3,66
4071,"A","2026-04-23","2026-04-23 10:17:45",0,"0.00",5,95
4072,"B","2026-04-23","2026-04-23 14:09:15",0,"0.00",8,184
4073,"A","2026-04-23","2026-04-23 19:57:27",0,"0.00",2,90
4074,"A","2026-04-23","2026-04-23 11:52:13",0,"0.00",3,81
4075,"B","2026-04-23","2026-04-23 21:27:41",0,"0.00",4,64
4076,"B","2026-04-23","2026-04-23 19:40:31",0,"0.00",5,165
4077,"B","2026-04-23","2026-04-23 16:38:30",0,"0.00",1,28
4078,"A","2026-04-23","2026-04-23 18:25:23",0,"0.00",3,111
4079,"B","2026-04-23","2026-04-23 13:07:23",0,"0.00",6,90
4080,"A","2026-04-23","2026-04-23 09:41:10",0,"0.00",6,228
4081,"B","2026-04-23","2026-04-23 09:03:56",0,"0.00",4,172
4082,"B","2026-04-23","2026-04-23 15:00:11",0,"0.00",8,184
4083,"A","2026-04-23","2026-04-23 21:02:23",0,"0.00",6,210
4084,"B","2026-04-23","2026-04-23 19:19:53",0,"0.00",6,198
4085,"B","2026-04-23","2026-04-23 09:00:50",0,"0.00",7,252
4086,"A","2026-04-23","2026-04-23 12:04:57",0,"0.00",6,174
4087,"B","2026-04-23","2026-04-23 20:48:47",0,"0.00",6,120
4088,"A","2026-04-23","2026-04-23 14:16:35",0,"0.00",3,60
4089,"B","2026-04-23","2026-04-23 13:40:10",0,"0.00",6,120
4090,"A","2026-04-23","2026-04-23 10:34:23",0,"0.00",1,22
4091,"B","2026-04-23","2026-04-23 17:49:57",0,"0.00",2,58
4092,"B","2026-04-23","2026-04-23 19:59:32",0,"0.00",3,120
4093,"B","2026-04-23","2026-04-23 16:51:42",0,"0.00",7,308
4094,"B","2026-04-23","2026-04-23 14:43:57",0,"0.00",5,150
4095,"B","2026-04-23","2026-04-23 19:49:56",0,"0.00",3,78
4096,"A","2026-04-23","2026-04-23 13:09:25",0,"0.00",6,96
4097,"A","2026-04-23","2026-04-23 18:36:15",0,"0.00",5,185
4098,"B","2026-04-23","2026-04-23 10:15:49",1,"538.86",14,434
4099,"B","2026-04-23","2026-04-23 17:29:16",0,"0.00",7,161
4100,"B","2026-04-23","2026-04-23 20:00:02",0,"0.00",3,66
4101,"B","2026-04-23","2026-04-23 11:34:14",0,"0.00",4,60
4102,"B","2026-04-23","2026-04-23 12:22:37",0,"0.00",8,184
4103,"B","2026-04-23","2026-04-23 17:24:36",0,"0.00",7,280
4104,"B","2026-04-23","2026-04-23 09:12:35",0,"0.00",7,175
4105,"A","2026-04-23","2026-04-23 18:33:19",0,"0.00",2,30
4106,"A","2026-04-23","2026-04-23 14:37:46",1,"498.34",8,272
4107,"A","2026-04-23","2026-04-23 10:54:33",0,"0.00",4,164
4108,"A","2026-04-23","2026-04-23 16:38:18",0,"0.00",1,33
4109,"B","2026-04-23","2026-04-23 14:51:08",1,"521.82",15,240
4110,"A","2026-04-23","2026-04-23 16:21:59",0,"0.00",8,160
4111,"A","2026-04-23","2026-04-23 15:54:55",0,"0.00",3,51
4112,"A","2026-04-23","2026-04-23 12:28:22",0,"0.00",4,112
4113,"B","2026-04-23","2026-04-23 14:01:07",0,"0.00",4,108
4114,"A","2026-04-23","2026-04-23 19:10:16",0,"0.00",7,301
4115,"B","2026-04-23","2026-04-23 16:57:23",0,"0.00",2,82
4116,"A","2026-04-23","2026-04-23 17:55:58",0,"0.00",8,336
4117,"A","2026-04-23","2026-04-23 10:29:41",0,"0.00",3,78
4118,"B","2026-04-23","2026-04-23 21:39:10",0,"0.00",1,30
4119,"B","2026-04-23","2026-04-23 19:14:19",0,"0.00",3,126
4120,"A","2026-04-23","2026-04-23 16:14:00",0,"0.00",5,95
4121,"A","2026-04-23","2026-04-23 14:19:14",0,"0.00",8,288
4122,"B","2026-04-23","2026-04-23 20:20:25",0,"0.00",5,105
4123,"B","2026-04-23","2026-04-23 11:22:21",0,"0.00",5,105
4124,"B","2026-04-23","2026-04-23 10:45:55",0,"0.00",5,80
4125,"B","2026-04-23","2026-04-23 20:29:45",0,"0.00",5,165
4126,"B","2026-04-23","2026-04-23 21:27:23",0,"0.00",6,138
4127,"A","2026-04-23","2026-04-23 12:27:21",0,"0.00",5,180
4128,"A","2026-04-23","2026-04-23 13:41:48",0,"0.00",7,154
4129,"A","2026-04-23","2026-04-23 18:49:06",0,"0.00",1,24
4130,"B","2026-04-23","2026-04-23 18:30:49",0,"0.00",2,74
4131,"A","2026-04-23","2026-04-23 14:24:18",0,"0.00",1,33
4132,"A","2026-04-23","2026-04-23 20:49:44",0,"0.00",8,240
4133,"A","2026-04-23","2026-04-23 14:23:53",1,"387.68",14,280
4134,"A","2026-04-23","2026-04-23 14:45:06",0,"0.00",2,82
4135,"B","2026-04-23","2026-04-23 12:47:56",1,"221.14",5,95
4136,"B","2026-04-23","2026-04-23 09:27:28",0,"0.00",6,270
4137,"A","2026-04-23","2026-04-23 12:09:13",0,"0.00",3,108
4138,"A","2026-04-23","2026-04-23 12:23:12",0,"0.00",5,205
4139,"B","2026-04-23","2026-04-23 20:53:32",0,"0.00",7,280
4140,"A","2026-04-23","2026-04-23 11:37:47",0,"0.00",4,80
4141,"A","2026-04-23","2026-04-23 20:50:35",0,"0.00",2,82
4142,"B","2026-04-23","2026-04-23 11:55:15",0,"0.00",2,56
4143,"A","2026-04-23","2026-04-23 14:20:58",0,"0.00",3,135
4144,"A","2026-04-23","2026-04-23 14:13:36",0,"0.00",1,36
4145,"A","2026-04-23","2026-04-23 13:42:16",0,"0.00",1,30
4146,"A","2026-04-23","2026-04-23 18:32:46",0,"0.00",6,228
4147,"A","2026-04-23","2026-04-23 14:01:59",0,"0.00",3,78
4148,"B","2026-04-23","2026-04-23 16:07:20",0,"0.00",3,114
4149,"A","2026-04-23","2026-04-23 15:26:03",0,"0.00",7,266
4150,"A","2026-04-23","2026-04-23 14:41:12",0,"0.00",1,24
5001,"B","2026-04-24","2026-04-24 10:23:27",0,"0.00",2,84
5002,"B","2026-04-24","2026-04-24 20:42:57",0,"0.00",7,203
5003,"B","2026-04-24","2026-04-24 10:56:36",1,"470.64",12,528
5004,"A","2026-04-24","2026-04-24 17:25:15",0,"0.00",4,152
5005,"A","2026-04-24","2026-04-24 17:07:49",0,"0.00",1,38
5006,"A","2026-04-24","2026-04-24 19:18:04",0,"0.00",6,162
5007,"B","2026-04-24","2026-04-24 11:07:22",0,"0.00",8,280
5008,"B","2026-04-24","2026-04-24 12:07:11",0,"0.00",4,132
5009,"B","2026-04-24","2026-04-24 21:14:23",0,"0.00",3,126
5010,"B","2026-04-24","2026-04-24 20:54:01",0,"0.00",4,152
5011,"A","2026-04-24","2026-04-24 11:32:19",0,"0.00",4,168
5012,"B","2026-04-24","2026-04-24 10:26:50",1,"755.19",14,280
5013,"A","2026-04-24","2026-04-24 21:29:40",0,"0.00",5,220
5014,"B","2026-04-24","2026-04-24 20:05:52",0,"0.00",2,50
5015,"B","2026-04-24","2026-04-24 19:57:30",0,"0.00",7,238
5016,"B","2026-04-24","2026-04-24 15:49:16",0,"0.00",5,220
5017,"B","2026-04-24","2026-04-24 16:58:10",0,"0.00",4,72
5018,"B","2026-04-24","2026-04-24 13:37:54",0,"0.00",2,46
5019,"B","2026-04-24","2026-04-24 09:53:12",0,"0.00",7,266
5020,"B","2026-04-24","2026-04-24 15:30:50",0,"0.00",1,15
5021,"A","2026-04-24","2026-04-24 19:34:59",0,"0.00",3,99
5022,"A","2026-04-24","2026-04-24 16:05:40",0,"0.00",6,162
5023,"A","2026-04-24","2026-04-24 21:07:46",0,"0.00",7,140
5024,"B","2026-04-24","2026-04-24 21:28:08",0,"0.00",1,19
5025,"A","2026-04-24","2026-04-24 15:46:38",0,"0.00",1,21
5026,"B","2026-04-24","2026-04-24 09:15:06",0,"0.00",4,72
5027,"B","2026-04-24","2026-04-24 19:37:14",1,"385.99",6,168
5028,"B","2026-04-24","2026-04-24 19:11:50",0,"0.00",7,245
5029,"B","2026-04-24","2026-04-24 11:40:56",0,"0.00",4,96
5030,"A","2026-04-24","2026-04-24 17:16:00",0,"0.00",1,23
5031,"B","2026-04-24","2026-04-24 15:22:41",0,"0.00",7,133
5032,"B","2026-04-24","2026-04-24 11:00:59",0,"0.00",8,336
5033,"B","2026-04-24","2026-04-24 11:28:59",0,"0.00",5,80
5034,"A","2026-04-24","2026-04-24 14:40:35",0,"0.00",2,66
5035,"A","2026-04-24","2026-04-24 19:42:18",0,"0.00",1,17
5036,"B","2026-04-24","2026-04-24 15:56:48",0,"0.00",1,38
5037,"A","2026-04-24","2026-04-24 20:04:33",0,"0.00",8,264
5038,"A","2026-04-24","2026-04-24 19:53:39",0,"0.00",5,105
5039,"A","2026-04-24","2026-04-24 09:55:47",0,"0.00",6,96
5040,"B","2026-04-24","2026-04-24 11:20:28",0,"0.00",4,92
5041,"A","2026-04-24","2026-04-24 21:08:51",0,"0.00",1,31
5042,"A","2026-04-24","2026-04-24 11:49:44",0,"0.00",1,28
5043,"A","2026-04-24","2026-04-24 18:36:48",0,"0.00",8,152
5044,"B","2026-04-24","2026-04-24 09:22:38",0,"0.00",1,45
5045,"B","2026-04-24","2026-04-24 10:26:08",0,"0.00",4,92
5046,"A","2026-04-24","2026-04-24 21:38:27",0,"0.00",2,38
5047,"A","2026-04-24","2026-04-24 19:00:11",0,"0.00",5,95
5048,"B","2026-04-24","2026-04-24 19:33:34",0,"0.00",6,90
5049,"A","2026-04-24","2026-04-24 15:33:54",0,"0.00",4,116
5050,"A","2026-04-24","2026-04-24 20:17:30",0,"0.00",6,240
5051,"A","2026-04-24","2026-04-24 17:17:35",0,"0.00",2,64
5052,"A","2026-04-24","2026-04-24 19:25:20",0,"0.00",6,270
5053,"B","2026-04-24","2026-04-24 17:14:24",0,"0.00",2,60
5054,"A","2026-04-24","2026-04-24 17:35:27",0,"0.00",1,33
5055,"B","2026-04-24","2026-04-24 12:38:25",0,"0.00",2,38
5056,"A","2026-04-24","2026-04-24 10:32:48",0,"0.00",7,273
5057,"A","2026-04-24","2026-04-24 17:52:49",0,"0.00",6,138
5058,"B","2026-04-24","2026-04-24 18:41:21",0,"0.00",4,116
5059,"A","2026-04-24","2026-04-24 19:15:34",0,"0.00",4,160
5060,"B","2026-04-24","2026-04-24 20:32:35",0,"0.00",3,111
5061,"A","2026-04-24","2026-04-24 10:33:54",0,"0.00",4,128
5062,"B","2026-04-24","2026-04-24 11:58:54",0,"0.00",2,64
5063,"B","2026-04-24","2026-04-24 17:18:04",0,"0.00",7,245
5064,"A","2026-04-24","2026-04-24 13:44:16",0,"0.00",1,28
5065,"A","2026-04-24","2026-04-24 11:35:35",0,"0.00",6,174
5066,"B","2026-04-24","2026-04-24 11:06:16",0,"0.00",5,220
5067,"B","2026-04-24","2026-04-24 13:12:46",0,"0.00",1,45
5068,"A","2026-04-24","2026-04-24 11:15:17",0,"0.00",7,105
5069,"A","2026-04-24","2026-04-24 20:10:42",0,"0.00",5,85
5070,"A","2026-04-24","2026-04-24 19:56:03",0,"0.00",3,96
5071,"B","2026-04-24","2026-04-24 12:38:35",0,"0.00",8,280
5072,"A","2026-04-24","2026-04-24 15:37:59",0,"0.00",5,105
5073,"B","2026-04-24","2026-04-24 15:07:05",0,"0.00",3,111
5074,"B","2026-04-24","2026-04-24 14:42:54",0,"0.00",6,90
5075,"A","2026-04-24","2026-04-24 13:00:58",0,"0.00",3,48
5076,"B","2026-04-24","2026-04-24 09:56:19",0,"0.00",3,45
5077,"A","2026-04-24","2026-04-24 11:47:21",0,"0.00",5,175
5078,"B","2026-04-24","2026-04-24 12:16:37",1,"344.37",15,495
5079,"B","2026-04-24","2026-04-24 21:57:08",0,"0.00",1,28
5080,"A","2026-04-24","2026-04-24 15:59:22",0,"0.00",3,102
5081,"B","2026-04-24","2026-04-24 18:41:02",1,"802.44",14,336
5082,"B","2026-04-24","2026-04-24 20:07:10",0,"0.00",4,164
5083,"A","2026-04-24","2026-04-24 09:34:13",0,"0.00",4,160
5084,"A","2026-04-24","2026-04-24 17:12:32",0,"0.00",1,20
5085,"B","2026-04-24","2026-04-24 11:53:17",0,"0.00",6,138
5086,"B","2026-04-24","2026-04-24 11:49:27",0,"0.00",7,273
5087,"B","2026-04-24","2026-04-24 09:26:48",0,"0.00",4,60
5088,"A","2026-04-24","2026-04-24 14:06:45",0,"0.00",4,64
5089,"A","2026-04-24","2026-04-24 10:21:37",0,"0.00",6,168
5090,"B","2026-04-24","2026-04-24 20:14:20",0,"0.00",1,33
5091,"B","2026-04-24","2026-04-24 18:55:30",0,"0.00",2,64
5092,"A","2026-04-24","2026-04-24 18:39:46",0,"0.00",7,182
5093,"A","2026-04-24","2026-04-24 17:21:56",1,"585.22",10,240
5094,"A","2026-04-24","2026-04-24 18:37:38",0,"0.00",6,132
5095,"A","2026-04-24","2026-04-24 19:55:23",0,"0.00",3,69
5096,"A","2026-04-24","2026-04-24 11:11:31",0,"0.00",5,160
5097,"A","2026-04-24","2026-04-24 11:38:35",0,"0.00",8,232
5098,"A","2026-04-24","2026-04-24 18:05:00",0,"0.00",2,58
5099,"B","2026-04-24","2026-04-24 14:16:52",0,"0.00",7,147
5100,"A","2026-04-24","2026-04-24 16:15:41",0,"0.00",4,124
5101,"A","2026-04-24","2026-04-24 15:13:24",0,"0.00",7,168
5102,"A","2026-04-24","2026-04-24 11:41:33",0,"0.00",8,320
5103,"A","2026-04-24","2026-04-24 14:42:12",0,"0.00",5,100
5104,"A","2026-04-24","2026-04-24 17:57:35",0,"0.00",7,168
5105,"B","2026-04-24","2026-04-24 16:43:45",0,"0.00",5,145
5106,"B","2026-04-24","2026-04-24 10:14:40",0,"0.00",4,60
5107,"B","2026-04-24","2026-04-24 17:20:07",0,"0.00",3,111
5108,"B","2026-04-24","2026-04-24 14:05:49",0,"0.00",7,315
5109,"A","2026-04-24","2026-04-24 10:32:59",0,"0.00",4,112
5110,"A","2026-04-24","2026-04-24 14:19:34",0,"0.00",6,108
5111,"A","2026-04-24","2026-04-24 13:02:25",0,"0.00",1,25
5112,"A","2026-04-24","2026-04-24 19:10:50",0,"0.00",3,87
5113,"B","2026-04-24","2026-04-24 18:29:14",0,"0.00",5,135
5114,"B","2026-04-24","2026-04-24 19:36:48",0,"0.00",3,51
5115,"A","2026-04-24","2026-04-24 18:00:58",0,"0.00",3,108
5116,"A","2026-04-24","2026-04-24 10:29:38",0,"0.00",8,288
5117,"B","2026-04-24","2026-04-24 19:02:19",0,"0.00",4,76
5118,"B","2026-04-24","2026-04-24 18:55:29",0,"0.00",4,180
5119,"A","2026-04-24","2026-04-24 11:05:39",0,"0.00",4,96
5120,"B","2026-04-24","2026-04-24 14:17:37",0,"0.00",8,280
5121,"B","2026-04-24","2026-04-24 16:18:20",0,"0.00",8,224
5122,"B","2026-04-24","2026-04-24 11:58:20",0,"0.00",3,87
5123,"A","2026-04-24","2026-04-24 20:31:22",0,"0.00",3,111
5124,"A","2026-04-24","2026-04-24 21:06:25",0,"0.00",8,120
5125,"A","2026-04-24","2026-04-24 17:16:33",0,"0.00",4,160
5126,"A","2026-04-24","2026-04-24 16:29:02",0,"0.00",1,27
5127,"B","2026-04-24","2026-04-24 17:07:28",0,"0.00",2,72
5128,"A","2026-04-24","2026-04-24 19:55:14",0,"0.00",6,102
5129,"A","2026-04-24","2026-04-24 16:23:43",0,"0.00",6,162
5130,"B","2026-04-24","2026-04-24 13:51:28",0,"0.00",5,150
5131,"B","2026-04-24","2026-04-24 16:15:16",0,"0.00",4,96
5132,"B","2026-04-24","2026-04-24 16:10:36",0,"0.00",3,93
5133,"A","2026-04-24","2026-04-24 18:26:02",0,"0.00",6,228
5134,"B","2026-04-24","2026-04-24 09:18:17",0,"0.00",2,36
5135,"A","2026-04-24","2026-04-24 12:16:48",0,"0.00",3,114
5136,"A","2026-04-24","2026-04-24 21:09:45",0,"0.00",2,58
5137,"A","2026-04-24","2026-04-24 13:25:50",0,"0.00",3,102
5138,"A","2026-04-24","2026-04-24 13:27:39",0,"0.00",2,54
5139,"B","2026-04-24","2026-04-24 15:37:49",0,"0.00",3,87
5140,"B","2026-04-24","2026-04-24 13:13:16",0,"0.00",4,128
5141,"A","2026-04-24","2026-04-24 11:20:31",0,"0.00",2,56
5142,"B","2026-04-24","2026-04-24 09:47:15",0,"0.00",8,272
5143,"B","2026-04-24","2026-04-24 16:46:31",0,"0.00",7,189
5144,"B","2026-04-24","2026-04-24 12:55:33",1,"726.28",12,432
5145,"A","2026-04-24","2026-04-24 09:23:22",0,"0.00",5,170
5146,"B","2026-04-24","2026-04-24 15:41:12",0,"0.00",6,210
5147,"B","2026-04-24","2026-04-24 18:00:24",0,"0.00",5,135
5148,"A","2026-04-24","2026-04-24 13:29:42",0,"0.00",5,175
5149,"A","2026-04-24","2026-04-24 20:09:02",0,"0.00",5,115
5150,"B","2026-04-24","2026-04-24 16:57:40",0,"0.00",7,217
6001,"B","2026-04-25","2026-04-25 20:44:57",0,"0.00",8,128
6002,"B","2026-04-25","2026-04-25 20:22:05",0,"0.00",8,216
6003,"B","2026-04-25","2026-04-25 11:10:06",0,"0.00",4,96
6004,"A","2026-04-25","2026-04-25 14:05:13",0,"0.00",7,140
6005,"A","2026-04-25","2026-04-25 12:00:13",0,"0.00",5,145
6006,"A","2026-04-25","2026-04-25 15:23:53",0,"0.00",5,185
6007,"A","2026-04-25","2026-04-25 20:49:47",0,"0.00",3,111
6008,"B","2026-04-25","2026-04-25 16:27:43",0,"0.00",7,231
6009,"B","2026-04-25","2026-04-25 17:31:04",1,"588.06",13,338
6010,"B","2026-04-25","2026-04-25 20:59:03",0,"0.00",8,240
6011,"A","2026-04-25","2026-04-25 16:31:28",0,"0.00",2,36
6012,"B","2026-04-25","2026-04-25 18:49:56",0,"0.00",2,82
6013,"B","2026-04-25","2026-04-25 14:24:42",0,"0.00",5,115
6014,"A","2026-04-25","2026-04-25 14:41:52",0,"0.00",4,148
6015,"A","2026-04-25","2026-04-25 11:15:05",0,"0.00",3,99
6016,"B","2026-04-25","2026-04-25 10:52:36",0,"0.00",2,82
6017,"A","2026-04-25","2026-04-25 16:37:22",0,"0.00",2,36
6018,"A","2026-04-25","2026-04-25 20:34:44",0,"0.00",5,140
6019,"B","2026-04-25","2026-04-25 21:52:22",0,"0.00",4,92
6020,"A","2026-04-25","2026-04-25 17:20:20",0,"0.00",3,63
6021,"A","2026-04-25","2026-04-25 15:29:19",0,"0.00",3,57
6022,"A","2026-04-25","2026-04-25 17:24:08",0,"0.00",5,130
6023,"A","2026-04-25","2026-04-25 17:03:52",0,"0.00",2,62
6024,"A","2026-04-25","2026-04-25 10:36:11",0,"0.00",2,46
6025,"A","2026-04-25","2026-04-25 14:44:01",0,"0.00",6,114
6026,"A","2026-04-25","2026-04-25 12:23:38",0,"0.00",6,126
6027,"B","2026-04-25","2026-04-25 20:37:54",0,"0.00",5,145
6028,"A","2026-04-25","2026-04-25 12:40:51",0,"0.00",5,75
6029,"B","2026-04-25","2026-04-25 18:25:28",0,"0.00",3,126
6030,"B","2026-04-25","2026-04-25 14:35:38",0,"0.00",7,196
6031,"B","2026-04-25","2026-04-25 19:29:09",0,"0.00",3,120
6032,"B","2026-04-25","2026-04-25 11:25:34",0,"0.00",3,114
6033,"A","2026-04-25","2026-04-25 14:50:45",0,"0.00",8,352
6034,"A","2026-04-25","2026-04-25 12:55:15",0,"0.00",3,93
6035,"B","2026-04-25","2026-04-25 15:24:57",0,"0.00",3,51
6036,"B","2026-04-25","2026-04-25 15:12:26",0,"0.00",2,54
6037,"B","2026-04-25","2026-04-25 10:32:24",0,"0.00",1,19
6038,"B","2026-04-25","2026-04-25 16:48:36",0,"0.00",8,144
6039,"B","2026-04-25","2026-04-25 09:37:30",0,"0.00",7,231
6040,"B","2026-04-25","2026-04-25 20:14:49",0,"0.00",1,41
6041,"B","2026-04-25","2026-04-25 18:11:17",0,"0.00",7,119
6042,"B","2026-04-25","2026-04-25 17:36:13",0,"0.00",2,44
6043,"B","2026-04-25","2026-04-25 13:40:15",0,"0.00",3,66
6044,"B","2026-04-25","2026-04-25 15:01:26",0,"0.00",7,189
6045,"A","2026-04-25","2026-04-25 19:42:00",0,"0.00",4,172
6046,"A","2026-04-25","2026-04-25 14:51:21",0,"0.00",6,240
6047,"A","2026-04-25","2026-04-25 18:05:25",0,"0.00",4,132
6048,"B","2026-04-25","2026-04-25 13:09:50",0,"0.00",6,264
6049,"A","2026-04-25","2026-04-25 21:16:48",0,"0.00",4,132
6050,"A","2026-04-25","2026-04-25 15:37:14",0,"0.00",2,76
6051,"B","2026-04-25","2026-04-25 17:44:11",0,"0.00",8,128
6052,"B","2026-04-25","2026-04-25 16:48:00",0,"0.00",7,147
6053,"A","2026-04-25","2026-04-25 19:00:09",0,"0.00",2,40
6054,"A","2026-04-25","2026-04-25 10:25:42",0,"0.00",3,75
6055,"A","2026-04-25","2026-04-25 11:50:52",0,"0.00",8,312
6056,"B","2026-04-25","2026-04-25 17:40:57",0,"0.00",4,164
6057,"A","2026-04-25","2026-04-25 21:22:26",0,"0.00",6,192
6058,"B","2026-04-25","2026-04-25 13:15:32",0,"0.00",7,315
6059,"B","2026-04-25","2026-04-25 13:18:29",0,"0.00",5,160
6060,"A","2026-04-25","2026-04-25 14:24:57",0,"0.00",7,273
6061,"B","2026-04-25","2026-04-25 15:15:04",0,"0.00",7,140
6062,"A","2026-04-25","2026-04-25 17:41:10",0,"0.00",2,40
6063,"A","2026-04-25","2026-04-25 20:49:51",0,"0.00",3,48
6064,"A","2026-04-25","2026-04-25 19:52:41",0,"0.00",7,266
6065,"A","2026-04-25","2026-04-25 11:50:26",0,"0.00",6,102
6066,"A","2026-04-25","2026-04-25 14:34:06",0,"0.00",4,112
6067,"A","2026-04-25","2026-04-25 17:09:25",0,"0.00",3,126
6068,"A","2026-04-25","2026-04-25 16:20:04",0,"0.00",1,37
6069,"B","2026-04-25","2026-04-25 21:31:44",0,"0.00",4,104
6070,"A","2026-04-25","2026-04-25 15:14:20",0,"0.00",2,42
6071,"A","2026-04-25","2026-04-25 11:20:37",0,"0.00",8,168
6072,"A","2026-04-25","2026-04-25 13:08:03",0,"0.00",7,273
6073,"B","2026-04-25","2026-04-25 18:03:41",0,"0.00",4,128
6074,"B","2026-04-25","2026-04-25 13:25:47",0,"0.00",3,135
6075,"B","2026-04-25","2026-04-25 20:44:26",0,"0.00",8,224
6076,"B","2026-04-25","2026-04-25 12:22:57",0,"0.00",5,160
6077,"B","2026-04-25","2026-04-25 10:56:35",0,"0.00",7,294
6078,"A","2026-04-25","2026-04-25 12:26:10",0,"0.00",6,246
6079,"B","2026-04-25","2026-04-25 13:35:25",0,"0.00",1,45
6080,"A","2026-04-25","2026-04-25 18:35:57",0,"0.00",3,48
6081,"B","2026-04-25","2026-04-25 12:06:09",0,"0.00",3,84
6082,"A","2026-04-25","2026-04-25 17:07:06",0,"0.00",6,138
6083,"B","2026-04-25","2026-04-25 13:01:17",0,"0.00",3,114
6084,"B","2026-04-25","2026-04-25 17:11:06",0,"0.00",5,85
6085,"B","2026-04-25","2026-04-25 16:15:24",1,"889.06",5,135
6086,"B","2026-04-25","2026-04-25 20:34:46",0,"0.00",7,308
6087,"A","2026-04-25","2026-04-25 11:11:35",1,"903.55",15,255
6088,"A","2026-04-25","2026-04-25 15:44:13",1,"845.40",14,434
6089,"B","2026-04-25","2026-04-25 10:37:35",0,"0.00",7,308
6090,"A","2026-04-25","2026-04-25 14:06:19",0,"0.00",8,120
6091,"A","2026-04-25","2026-04-25 09:15:59",0,"0.00",6,186
6092,"B","2026-04-25","2026-04-25 15:08:48",0,"0.00",6,126
6093,"B","2026-04-25","2026-04-25 12:03:00",0,"0.00",4,132
6094,"B","2026-04-25","2026-04-25 20:38:23",0,"0.00",2,32
6095,"B","2026-04-25","2026-04-25 15:40:29",0,"0.00",5,95
6096,"A","2026-04-25","2026-04-25 16:42:26",0,"0.00",5,140
6097,"A","2026-04-25","2026-04-25 16:31:41",0,"0.00",2,56
6098,"B","2026-04-25","2026-04-25 19:37:18",0,"0.00",8,216
6099,"A","2026-04-25","2026-04-25 12:11:13",0,"0.00",3,51
6100,"B","2026-04-25","2026-04-25 17:13:19",0,"0.00",5,110
6101,"A","2026-04-25","2026-04-25 09:36:28",0,"0.00",7,231
6102,"B","2026-04-25","2026-04-25 18:03:02",0,"0.00",6,132
6103,"A","2026-04-25","2026-04-25 20:21:08",0,"0.00",7,182
6104,"B","2026-04-25","2026-04-25 13:09:14",0,"0.00",2,54
6105,"A","2026-04-25","2026-04-25 10:47:05",0,"0.00",3,81
6106,"A","2026-04-25","2026-04-25 20:06:50",0,"0.00",4,96
6107,"B","2026-04-25","2026-04-25 14:03:36",0,"0.00",6,186
6108,"A","2026-04-25","2026-04-25 17:59:30",1,"808.23",5,155
6109,"A","2026-04-25","2026-04-25 09:00:28",0,"0.00",3,132
6110,"A","2026-04-25","2026-04-25 13:40:44",0,"0.00",4,72
6111,"B","2026-04-25","2026-04-25 12:18:19",0,"0.00",7,245
6112,"B","2026-04-25","2026-04-25 11:31:38",0,"0.00",3,126
6113,"A","2026-04-25","2026-04-25 16:55:13",0,"0.00",3,129
6114,"B","2026-04-25","2026-04-25 18:03:55",0,"0.00",6,180
6115,"B","2026-04-25","2026-04-25 09:02:29",0,"0.00",1,43
6116,"B","2026-04-25","2026-04-25 18:27:36",0,"0.00",6,162
6117,"A","2026-04-25","2026-04-25 13:15:27",0,"0.00",7,287
6118,"B","2026-04-25","2026-04-25 10:09:59",0,"0.00",2,64
6119,"B","2026-04-25","2026-04-25 11:45:11",1,"558.46",12,420
6120,"A","2026-04-25","2026-04-25 13:36:46",0,"0.00",8,280
6121,"A","2026-04-25","2026-04-25 14:24:05",0,"0.00",7,126
6122,"A","2026-04-25","2026-04-25 09:41:52",0,"0.00",6,192
6123,"B","2026-04-25","2026-04-25 18:47:13",0,"0.00",2,34
6124,"B","2026-04-25","2026-04-25 12:40:24",0,"0.00",3,135
6125,"A","2026-04-25","2026-04-25 10:30:55",0,"0.00",4,176
6126,"B","2026-04-25","2026-04-25 20:04:55",0,"0.00",4,164
6127,"A","2026-04-25","2026-04-25 17:12:55",0,"0.00",2,54
6128,"A","2026-04-25","2026-04-25 13:02:21",0,"0.00",8,144
6129,"A","2026-04-25","2026-04-25 17:20:19",0,"0.00",8,232
6130,"B","2026-04-25","2026-04-25 13:50:24",0,"0.00",6,252
6131,"A","2026-04-25","2026-04-25 17:29:51",0,"0.00",3,120
6132,"A","2026-04-25","2026-04-25 21:09:18",0,"0.00",1,41
6133,"B","2026-04-25","2026-04-25 09:46:01",0,"0.00",5,125
6134,"B","2026-04-25","2026-04-25 19:11:10",0,"0.00",7,182
6135,"B","2026-04-25","2026-04-25 20:32:30",0,"0.00",2,44
6136,"A","2026-04-25","2026-04-25 17:38:47",0,"0.00",3,135
6137,"B","2026-04-25","2026-04-25 19:39:53",0,"0.00",4,124
6138,"A","2026-04-25","2026-04-25 21:54:57",0,"0.00",6,102
6139,"A","2026-04-25","2026-04-25 12:08:41",0,"0.00",5,210
6140,"A","2026-04-25","2026-04-25 09:41:35",0,"0.00",3,108
6141,"B","2026-04-25","2026-04-25 17:52:44",0,"0.00",2,34
6142,"A","2026-04-25","2026-04-25 11:19:41",0,"0.00",4,140
6143,"A","2026-04-25","2026-04-25 21:10:49",0,"0.00",2,36
6144,"A","2026-04-25","2026-04-25 19:00:08",0,"0.00",7,126
6145,"B","2026-04-25","2026-04-25 11:57:23",0,"0.00",5,225
6146,"B","2026-04-25","2026-04-25 19:32:23",0,"0.00",3,57
6147,"A","2026-04-25","2026-04-25 14:38:34",0,"0.00",5,220
6148,"B","2026-04-25","2026-04-25 13:03:04",0,"0.00",5,100
6149,"B","2026-04-25","2026-04-25 13:01:39",0,"0.00",3,108
6150,"B","2026-04-25","2026-04-25 14:14:28",0,"0.00",4,124
7001,"B","2026-04-26","2026-04-26 12:09:57",1,"224.95",7,133
7002,"A","2026-04-26","2026-04-26 14:11:42",0,"0.00",7,126
7003,"A","2026-04-26","2026-04-26 09:26:25",0,"0.00",5,170
7004,"A","2026-04-26","2026-04-26 11:51:53",0,"0.00",1,23
7005,"A","2026-04-26","2026-04-26 21:29:04",0,"0.00",1,25
7006,"B","2026-04-26","2026-04-26 12:54:28",0,"0.00",5,220
7007,"B","2026-04-26","2026-04-26 20:47:42",1,"322.87",10,440
7008,"A","2026-04-26","2026-04-26 14:02:52",0,"0.00",8,200
7009,"B","2026-04-26","2026-04-26 09:42:14",0,"0.00",4,136
7010,"A","2026-04-26","2026-04-26 19:46:30",0,"0.00",3,60
7011,"B","2026-04-26","2026-04-26 20:05:12",0,"0.00",8,336
7012,"A","2026-04-26","2026-04-26 10:28:26",0,"0.00",4,140
7013,"A","2026-04-26","2026-04-26 09:23:07",0,"0.00",8,344
7014,"B","2026-04-26","2026-04-26 09:45:09",0,"0.00",1,29
7015,"B","2026-04-26","2026-04-26 21:35:16",0,"0.00",7,315
7016,"B","2026-04-26","2026-04-26 10:24:45",0,"0.00",4,92
7017,"A","2026-04-26","2026-04-26 12:10:01",0,"0.00",7,175
7018,"B","2026-04-26","2026-04-26 11:43:45",0,"0.00",3,111
7019,"A","2026-04-26","2026-04-26 19:40:49",0,"0.00",2,52
7020,"A","2026-04-26","2026-04-26 19:40:04",0,"0.00",3,60
7021,"A","2026-04-26","2026-04-26 16:11:06",0,"0.00",5,85
7022,"B","2026-04-26","2026-04-26 13:22:08",0,"0.00",4,152
7023,"B","2026-04-26","2026-04-26 18:36:36",0,"0.00",4,60
7024,"B","2026-04-26","2026-04-26 14:45:08",0,"0.00",6,90
7025,"A","2026-04-26","2026-04-26 17:01:02",0,"0.00",3,96
7026,"B","2026-04-26","2026-04-26 12:33:07",0,"0.00",5,160
7027,"A","2026-04-26","2026-04-26 18:12:37",0,"0.00",5,85
7028,"A","2026-04-26","2026-04-26 21:35:45",0,"0.00",2,48
7029,"A","2026-04-26","2026-04-26 17:11:32",0,"0.00",8,272
7030,"A","2026-04-26","2026-04-26 21:23:42",0,"0.00",5,90
7031,"B","2026-04-26","2026-04-26 14:42:17",0,"0.00",4,96
7032,"A","2026-04-26","2026-04-26 13:22:50",0,"0.00",1,35
7033,"A","2026-04-26","2026-04-26 13:21:30",0,"0.00",7,105
7034,"A","2026-04-26","2026-04-26 18:53:16",0,"0.00",7,133
7035,"B","2026-04-26","2026-04-26 09:36:00",0,"0.00",7,224
7036,"B","2026-04-26","2026-04-26 09:47:03",0,"0.00",2,36
7037,"B","2026-04-26","2026-04-26 10:29:54",0,"0.00",1,20
7038,"A","2026-04-26","2026-04-26 10:03:34",0,"0.00",8,224
7039,"B","2026-04-26","2026-04-26 16:57:52",0,"0.00",2,50
7040,"B","2026-04-26","2026-04-26 12:20:21",0,"0.00",8,120
7041,"A","2026-04-26","2026-04-26 12:23:43",0,"0.00",1,37
7042,"A","2026-04-26","2026-04-26 17:44:21",0,"0.00",4,60
7043,"B","2026-04-26","2026-04-26 09:57:39",0,"0.00",5,215
7044,"B","2026-04-26","2026-04-26 17:11:47",0,"0.00",5,215
7045,"A","2026-04-26","2026-04-26 13:17:47",0,"0.00",1,45
7046,"A","2026-04-26","2026-04-26 10:55:59",0,"0.00",3,126
7047,"A","2026-04-26","2026-04-26 18:42:53",0,"0.00",6,192
7048,"A","2026-04-26","2026-04-26 18:23:19",0,"0.00",4,120
7049,"A","2026-04-26","2026-04-26 17:38:09",0,"0.00",3,120
7050,"B","2026-04-26","2026-04-26 10:36:33",0,"0.00",5,135
7051,"B","2026-04-26","2026-04-26 10:30:33",0,"0.00",8,296
7052,"A","2026-04-26","2026-04-26 16:53:22",0,"0.00",6,270
7053,"B","2026-04-26","2026-04-26 21:26:55",1,"806.15",10,320
7054,"A","2026-04-26","2026-04-26 19:53:52",0,"0.00",8,144
7055,"B","2026-04-26","2026-04-26 16:09:52",0,"0.00",5,145
7056,"B","2026-04-26","2026-04-26 12:52:50",0,"0.00",5,205
7057,"A","2026-04-26","2026-04-26 21:07:19",0,"0.00",8,336
7058,"B","2026-04-26","2026-04-26 12:30:43",0,"0.00",8,320
7059,"B","2026-04-26","2026-04-26 19:40:14",0,"0.00",7,133
7060,"B","2026-04-26","2026-04-26 16:15:50",0,"0.00",5,195
7061,"A","2026-04-26","2026-04-26 17:30:47",1,"315.32",6,174
7062,"B","2026-04-26","2026-04-26 19:22:20",1,"310.51",13,481
7063,"B","2026-04-26","2026-04-26 21:00:36",0,"0.00",4,100
7064,"A","2026-04-26","2026-04-26 21:53:47",0,"0.00",4,108
7065,"B","2026-04-26","2026-04-26 16:11:06",0,"0.00",8,232
7066,"A","2026-04-26","2026-04-26 12:33:50",0,"0.00",2,32
7067,"B","2026-04-26","2026-04-26 21:30:12",0,"0.00",5,155
7068,"A","2026-04-26","2026-04-26 20:10:09",0,"0.00",2,36
7069,"A","2026-04-26","2026-04-26 15:06:24",0,"0.00",4,108
7070,"A","2026-04-26","2026-04-26 19:16:59",0,"0.00",3,57
7071,"A","2026-04-26","2026-04-26 18:55:12",0,"0.00",3,111
7072,"B","2026-04-26","2026-04-26 12:20:20",0,"0.00",4,120
7073,"B","2026-04-26","2026-04-26 12:51:24",0,"0.00",5,170
7074,"B","2026-04-26","2026-04-26 13:48:38",0,"0.00",5,80
7075,"B","2026-04-26","2026-04-26 18:21:06",0,"0.00",5,200
7076,"B","2026-04-26","2026-04-26 09:34:33",0,"0.00",5,185
7077,"B","2026-04-26","2026-04-26 15:01:33",0,"0.00",5,135
7078,"B","2026-04-26","2026-04-26 18:13:35",0,"0.00",4,180
7079,"B","2026-04-26","2026-04-26 20:51:21",0,"0.00",2,74
7080,"B","2026-04-26","2026-04-26 09:03:02",0,"0.00",4,160
7081,"B","2026-04-26","2026-04-26 19:43:04",0,"0.00",4,136
7082,"A","2026-04-26","2026-04-26 18:45:46",0,"0.00",4,112
7083,"A","2026-04-26","2026-04-26 20:38:48",0,"0.00",6,108
7084,"B","2026-04-26","2026-04-26 16:16:33",0,"0.00",5,150
7085,"B","2026-04-26","2026-04-26 12:07:08",0,"0.00",2,38
7086,"A","2026-04-26","2026-04-26 09:45:46",0,"0.00",6,258
7087,"A","2026-04-26","2026-04-26 13:57:11",0,"0.00",4,104
7088,"A","2026-04-26","2026-04-26 17:11:37",1,"341.39",7,189
7089,"B","2026-04-26","2026-04-26 20:46:09",0,"0.00",1,36
7090,"B","2026-04-26","2026-04-26 11:08:53",0,"0.00",3,102
7091,"B","2026-04-26","2026-04-26 11:11:23",0,"0.00",1,33
7092,"A","2026-04-26","2026-04-26 10:48:36",0,"0.00",4,160
7093,"B","2026-04-26","2026-04-26 19:13:15",0,"0.00",4,60
7094,"A","2026-04-26","2026-04-26 17:40:34",0,"0.00",5,75
7095,"B","2026-04-26","2026-04-26 21:05:09",0,"0.00",5,130
7096,"B","2026-04-26","2026-04-26 18:45:43",0,"0.00",1,42
7097,"A","2026-04-26","2026-04-26 17:28:49",0,"0.00",1,23
7098,"A","2026-04-26","2026-04-26 16:37:42",0,"0.00",4,64
7099,"B","2026-04-26","2026-04-26 11:20:13",0,"0.00",6,150
7100,"A","2026-04-26","2026-04-26 20:25:55",0,"0.00",1,26
7101,"A","2026-04-26","2026-04-26 10:26:37",0,"0.00",5,195
7102,"A","2026-04-26","2026-04-26 18:37:37",0,"0.00",5,205
7103,"B","2026-04-26","2026-04-26 09:03:51",1,"460.81",13,195
7104,"A","2026-04-26","2026-04-26 16:14:22",0,"0.00",6,96
7105,"A","2026-04-26","2026-04-26 13:23:00",0,"0.00",3,120
7106,"B","2026-04-26","2026-04-26 14:40:13",0,"0.00",5,75
7107,"B","2026-04-26","2026-04-26 09:27:29",0,"0.00",3,96
7108,"A","2026-04-26","2026-04-26 16:33:41",0,"0.00",8,240
7109,"A","2026-04-26","2026-04-26 15:09:56",0,"0.00",2,82
7110,"B","2026-04-26","2026-04-26 12:59:40",1,"874.08",9,216
7111,"B","2026-04-26","2026-04-26 21:57:52",0,"0.00",6,144
7112,"A","2026-04-26","2026-04-26 19:38:37",0,"0.00",3,135
7113,"A","2026-04-26","2026-04-26 20:12:44",0,"0.00",3,57
7114,"B","2026-04-26","2026-04-26 15:02:48",0,"0.00",4,180
7115,"B","2026-04-26","2026-04-26 20:55:32",0,"0.00",7,161
7116,"A","2026-04-26","2026-04-26 14:20:29",0,"0.00",5,210
7117,"A","2026-04-26","2026-04-26 19:01:56",0,"0.00",5,220
7118,"B","2026-04-26","2026-04-26 11:57:14",1,"299.64",14,210
7119,"A","2026-04-26","2026-04-26 11:12:22",0,"0.00",5,160
7120,"A","2026-04-26","2026-04-26 17:44:35",0,"0.00",2,32
7121,"A","2026-04-26","2026-04-26 18:44:25",0,"0.00",1,19
7122,"B","2026-04-26","2026-04-26 15:03:22",0,"0.00",5,155
7123,"A","2026-04-26","2026-04-26 10:17:51",0,"0.00",3,120
7124,"A","2026-04-26","2026-04-26 09:01:30",0,"0.00",6,258
7125,"A","2026-04-26","2026-04-26 13:58:51",0,"0.00",7,175
7126,"B","2026-04-26","2026-04-26 10:27:27",0,"0.00",5,85
7127,"B","2026-04-26","2026-04-26 13:33:39",0,"0.00",3,102
7128,"B","2026-04-26","2026-04-26 19:19:30",0,"0.00",3,45
7129,"B","2026-04-26","2026-04-26 14:28:42",0,"0.00",6,222
7130,"B","2026-04-26","2026-04-26 17:30:45",0,"0.00",6,108
7131,"A","2026-04-26","2026-04-26 09:04:28",0,"0.00",4,120
7132,"B","2026-04-26","2026-04-26 17:38:58",0,"0.00",1,39
7133,"B","2026-04-26","2026-04-26 17:54:42",0,"0.00",1,36
7134,"A","2026-04-26","2026-04-26 10:54:28",0,"0.00",7,308
7135,"B","2026-04-26","2026-04-26 10:30:51",0,"0.00",8,328
7136,"B","2026-04-26","2026-04-26 13:52:49",0,"0.00",2,66
7137,"B","2026-04-26","2026-04-26 19:10:17",0,"0.00",8,200
7138,"B","2026-04-26","2026-04-26 15:39:33",0,"0.00",2,44
7139,"B","2026-04-26","2026-04-26 11:17:47",1,"627.03",6,144
7140,"A","2026-04-26","2026-04-26 20:34:07",0,"0.00",3,129
7141,"A","2026-04-26","2026-04-26 19:34:07",0,"0.00",8,248
7142,"B","2026-04-26","2026-04-26 18:44:14",0,"0.00",8,128
7143,"B","2026-04-26","2026-04-26 17:07:57",0,"0.00",2,36
7144,"B","2026-04-26","2026-04-26 16:40:34",0,"0.00",2,38
7145,"A","2026-04-26","2026-04-26 20:57:27",0,"0.00",5,105
7146,"B","2026-04-26","2026-04-26 14:00:01",0,"0.00",8,272
7147,"A","2026-04-26","2026-04-26 11:38:07",0,"0.00",5,220
7148,"A","2026-04-26","2026-04-26 18:54:11",0,"0.00",2,84
7149,"B","2026-04-26","2026-04-26 14:59:51",0,"0.00",3,123
7150,"A","2026-04-26","2026-04-26 15:37:08",0,"0.00",5,180
8001,"A","2026-04-27","2026-04-27 17:45:47",0,"0.00",6,252
8002,"B","2026-04-27","2026-04-27 16:14:54",0,"0.00",5,135
8003,"B","2026-04-27","2026-04-27 20:01:16",1,"293.98",14,476
8004,"B","2026-04-27","2026-04-27 18:37:11",1,"622.02",13,429
8005,"A","2026-04-27","2026-04-27 16:57:47",0,"0.00",6,174
8006,"A","2026-04-27","2026-04-27 11:42:18",0,"0.00",6,168
8007,"A","2026-04-27","2026-04-27 16:56:21",1,"639.96",12,468
8008,"B","2026-04-27","2026-04-27 19:17:23",0,"0.00",8,304
8009,"B","2026-04-27","2026-04-27 15:42:12",0,"0.00",1,34
8010,"A","2026-04-27","2026-04-27 13:41:15",0,"0.00",8,328
8011,"A","2026-04-27","2026-04-27 10:28:30",0,"0.00",6,222
8012,"B","2026-04-27","2026-04-27 17:25:35",0,"0.00",8,264
8013,"B","2026-04-27","2026-04-27 14:23:16",0,"0.00",3,84
8014,"B","2026-04-27","2026-04-27 15:02:42",0,"0.00",7,112
8015,"A","2026-04-27","2026-04-27 14:31:14",0,"0.00",6,240
8016,"B","2026-04-27","2026-04-27 10:29:32",0,"0.00",6,108
8017,"B","2026-04-27","2026-04-27 12:14:20",0,"0.00",1,28
8018,"B","2026-04-27","2026-04-27 15:47:18",0,"0.00",8,224
8019,"A","2026-04-27","2026-04-27 15:04:58",0,"0.00",4,108
8020,"B","2026-04-27","2026-04-27 16:30:57",0,"0.00",7,245
8021,"B","2026-04-27","2026-04-27 12:05:52",0,"0.00",8,216
8022,"A","2026-04-27","2026-04-27 15:24:33",0,"0.00",3,45
8023,"A","2026-04-27","2026-04-27 19:16:56",1,"997.67",7,280
8024,"A","2026-04-27","2026-04-27 09:38:54",0,"0.00",7,259
8025,"A","2026-04-27","2026-04-27 10:16:08",0,"0.00",2,82
8026,"B","2026-04-27","2026-04-27 16:07:08",0,"0.00",3,120
8027,"B","2026-04-27","2026-04-27 17:05:11",0,"0.00",1,39
8028,"A","2026-04-27","2026-04-27 21:44:22",0,"0.00",5,100
8029,"A","2026-04-27","2026-04-27 17:03:36",0,"0.00",8,152
8030,"A","2026-04-27","2026-04-27 20:42:08",0,"0.00",4,104
8031,"A","2026-04-27","2026-04-27 11:15:52",0,"0.00",2,56
8032,"A","2026-04-27","2026-04-27 15:40:07",0,"0.00",5,160
8033,"A","2026-04-27","2026-04-27 14:46:02",0,"0.00",8,216
8034,"B","2026-04-27","2026-04-27 21:18:24",0,"0.00",3,60
8035,"B","2026-04-27","2026-04-27 12:46:13",0,"0.00",6,180
8036,"B","2026-04-27","2026-04-27 09:25:49",0,"0.00",8,224
8037,"B","2026-04-27","2026-04-27 13:11:57",0,"0.00",1,36
8038,"A","2026-04-27","2026-04-27 19:13:35",0,"0.00",7,147
8039,"A","2026-04-27","2026-04-27 13:36:56",0,"0.00",5,170
8040,"A","2026-04-27","2026-04-27 21:59:39",0,"0.00",4,100
8041,"A","2026-04-27","2026-04-27 20:27:40",0,"0.00",1,27
8042,"A","2026-04-27","2026-04-27 11:51:35",0,"0.00",3,78
8043,"A","2026-04-27","2026-04-27 18:27:47",0,"0.00",4,92
8044,"A","2026-04-27","2026-04-27 12:20:27",0,"0.00",5,95
8045,"A","2026-04-27","2026-04-27 09:27:42",0,"0.00",5,160
8046,"A","2026-04-27","2026-04-27 09:52:23",0,"0.00",8,192
8047,"B","2026-04-27","2026-04-27 13:31:16",0,"0.00",1,22
8048,"A","2026-04-27","2026-04-27 17:31:20",0,"0.00",3,78
8049,"B","2026-04-27","2026-04-27 14:50:07",0,"0.00",3,87
8050,"B","2026-04-27","2026-04-27 21:44:47",0,"0.00",1,39
8051,"A","2026-04-27","2026-04-27 18:58:56",0,"0.00",2,34
8052,"A","2026-04-27","2026-04-27 18:30:24",0,"0.00",2,62
8053,"B","2026-04-27","2026-04-27 15:51:47",0,"0.00",4,144
8054,"B","2026-04-27","2026-04-27 09:38:48",0,"0.00",6,258
8055,"B","2026-04-27","2026-04-27 17:27:47",0,"0.00",4,64
8056,"A","2026-04-27","2026-04-27 13:20:09",0,"0.00",1,32
8057,"B","2026-04-27","2026-04-27 12:19:40",0,"0.00",5,100
8058,"B","2026-04-27","2026-04-27 11:47:30",0,"0.00",5,225
8059,"A","2026-04-27","2026-04-27 21:05:20",0,"0.00",1,18
8060,"A","2026-04-27","2026-04-27 11:00:03",1,"577.60",6,252
8061,"A","2026-04-27","2026-04-27 15:31:19",1,"450.66",10,370
8062,"A","2026-04-27","2026-04-27 17:54:36",0,"0.00",7,280
8063,"A","2026-04-27","2026-04-27 17:01:04",0,"0.00",6,234
8064,"A","2026-04-27","2026-04-27 11:00:35",0,"0.00",5,110
8065,"A","2026-04-27","2026-04-27 15:51:00",0,"0.00",5,135
8066,"B","2026-04-27","2026-04-27 12:59:33",0,"0.00",4,180
8067,"A","2026-04-27","2026-04-27 11:22:55",0,"0.00",8,232
8068,"B","2026-04-27","2026-04-27 20:29:22",0,"0.00",8,120
8069,"A","2026-04-27","2026-04-27 17:43:42",0,"0.00",5,115
8070,"B","2026-04-27","2026-04-27 18:20:54",0,"0.00",8,128
8071,"B","2026-04-27","2026-04-27 15:29:40",0,"0.00",8,272
8072,"B","2026-04-27","2026-04-27 16:26:00",1,"407.51",6,216
8073,"B","2026-04-27","2026-04-27 15:11:17",1,"872.89",8,336
8074,"B","2026-04-27","2026-04-27 09:00:58",0,"0.00",8,216
8075,"B","2026-04-27","2026-04-27 14:42:48",0,"0.00",7,196
8076,"A","2026-04-27","2026-04-27 12:48:13",0,"0.00",1,20
8077,"A","2026-04-27","2026-04-27 09:26:27",1,"537.05",10,450
8078,"B","2026-04-27","2026-04-27 14:02:12",1,"356.92",13,585
8079,"B","2026-04-27","2026-04-27 12:05:18",0,"0.00",6,162
8080,"B","2026-04-27","2026-04-27 21:10:18",0,"0.00",1,35
8081,"B","2026-04-27","2026-04-27 18:46:06",0,"0.00",7,315
8082,"B","2026-04-27","2026-04-27 18:05:02",0,"0.00",2,34
8083,"B","2026-04-27","2026-04-27 14:23:21",0,"0.00",6,222
8084,"B","2026-04-27","2026-04-27 18:37:38",0,"0.00",3,123
8085,"A","2026-04-27","2026-04-27 13:57:26",0,"0.00",7,259
8086,"B","2026-04-27","2026-04-27 16:37:17",0,"0.00",2,86
8087,"B","2026-04-27","2026-04-27 09:47:21",0,"0.00",3,48
8088,"B","2026-04-27","2026-04-27 14:32:34",0,"0.00",4,128
8089,"B","2026-04-27","2026-04-27 18:10:11",0,"0.00",3,63
8090,"B","2026-04-27","2026-04-27 21:00:51",0,"0.00",2,52
8091,"B","2026-04-27","2026-04-27 13:30:59",0,"0.00",3,84
8092,"B","2026-04-27","2026-04-27 16:54:39",0,"0.00",8,312
8093,"B","2026-04-27","2026-04-27 16:42:32",0,"0.00",4,120
8094,"A","2026-04-27","2026-04-27 10:42:19",0,"0.00",2,48
8095,"A","2026-04-27","2026-04-27 20:41:12",0,"0.00",2,60
8096,"B","2026-04-27","2026-04-27 12:11:25",0,"0.00",1,19
8097,"A","2026-04-27","2026-04-27 16:06:43",0,"0.00",1,19
8098,"A","2026-04-27","2026-04-27 11:21:10",0,"0.00",1,38
8099,"A","2026-04-27","2026-04-27 12:41:24",0,"0.00",4,180
8100,"A","2026-04-27","2026-04-27 13:59:48",0,"0.00",4,92
8101,"B","2026-04-27","2026-04-27 18:42:44",0,"0.00",4,180
8102,"A","2026-04-27","2026-04-27 12:02:53",0,"0.00",2,36
8103,"B","2026-04-27","2026-04-27 14:38:41",1,"430.10",7,189
8104,"B","2026-04-27","2026-04-27 16:30:46",0,"0.00",4,144
8105,"A","2026-04-27","2026-04-27 09:18:44",0,"0.00",1,17
8106,"B","2026-04-27","2026-04-27 15:40:16",0,"0.00",5,125
8107,"B","2026-04-27","2026-04-27 16:17:09",0,"0.00",3,135
8108,"A","2026-04-27","2026-04-27 14:54:09",1,"940.39",14,532
8109,"B","2026-04-27","2026-04-27 11:56:09",0,"0.00",7,308
8110,"B","2026-04-27","2026-04-27 09:53:24",0,"0.00",3,81
8111,"B","2026-04-27","2026-04-27 19:33:19",0,"0.00",8,216
8112,"A","2026-04-27","2026-04-27 21:13:27",0,"0.00",4,68
8113,"A","2026-04-27","2026-04-27 15:17:34",0,"0.00",5,85
8114,"A","2026-04-27","2026-04-27 14:03:22",0,"0.00",5,225
8115,"B","2026-04-27","2026-04-27 19:47:52",1,"648.60",11,429
8116,"A","2026-04-27","2026-04-27 10:59:37",0,"0.00",8,224
8117,"A","2026-04-27","2026-04-27 16:57:27",0,"0.00",5,75
8118,"A","2026-04-27","2026-04-27 09:10:44",0,"0.00",6,186
8119,"A","2026-04-27","2026-04-27 13:36:26",0,"0.00",2,56
8120,"B","2026-04-27","2026-04-27 13:01:13",0,"0.00",6,132
8121,"A","2026-04-27","2026-04-27 16:23:29",0,"0.00",2,36
8122,"A","2026-04-27","2026-04-27 13:01:02",0,"0.00",3,54
8123,"B","2026-04-27","2026-04-27 21:53:23",1,"954.58",12,396
8124,"A","2026-04-27","2026-04-27 21:37:17",0,"0.00",3,48
8125,"B","2026-04-27","2026-04-27 17:56:08",0,"0.00",8,280
8126,"A","2026-04-27","2026-04-27 18:34:41",0,"0.00",4,144
8127,"A","2026-04-27","2026-04-27 18:27:25",0,"0.00",3,114
8128,"A","2026-04-27","2026-04-27 19:13:51",0,"0.00",7,126
8129,"B","2026-04-27","2026-04-27 16:13:14",1,"221.35",12,360
8130,"A","2026-04-27","2026-04-27 11:10:24",0,"0.00",4,124
8131,"A","2026-04-27","2026-04-27 18:08:34",0,"0.00",4,68
8132,"A","2026-04-27","2026-04-27 13:04:22",0,"0.00",5,130
8133,"A","2026-04-27","2026-04-27 20:38:36",0,"0.00",8,336
8134,"B","2026-04-27","2026-04-27 09:46:43",0,"0.00",8,272
8135,"A","2026-04-27","2026-04-27 20:57:36",0,"0.00",1,43
8136,"B","2026-04-27","2026-04-27 19:18:51",0,"0.00",3,117
8137,"A","2026-04-27","2026-04-27 20:05:28",0,"0.00",8,208
8138,"B","2026-04-27","2026-04-27 16:58:25",0,"0.00",3,45
8139,"B","2026-04-27","2026-04-27 18:33:31",0,"0.00",7,210
8140,"B","2026-04-27","2026-04-27 14:31:21",0,"0.00",6,252
8141,"B","2026-04-27","2026-04-27 15:18:00",1,"205.66",15,345
8142,"B","2026-04-27","2026-04-27 17:45:04",0,"0.00",6,186
8143,"A","2026-04-27","2026-04-27 17:51:06",0,"0.00",8,352
8144,"A","2026-04-27","2026-04-27 14:56:43",0,"0.00",1,33
8145,"A","2026-04-27","2026-04-27 12:34:30",0,"0.00",1,37
8146,"B","2026-04-27","2026-04-27 14:03:32",0,"0.00",7,252
8147,"A","2026-04-27","2026-04-27 18:51:50",0,"0.00",6,96
8148,"A","2026-04-27","2026-04-27 10:17:47",0,"0.00",7,273
8149,"B","2026-04-27","2026-04-27 10:50:23",0,"0.00",7,217
8150,"B","2026-04-27","2026-04-27 13:10:19",0,"0.00",7,196
9001,"A","2026-04-28","2026-04-28 17:00:34",0,"0.00",5,85
9002,"A","2026-04-28","2026-04-28 17:33:37",0,"0.00",6,138
9003,"B","2026-04-28","2026-04-28 18:11:49",0,"0.00",7,119
9004,"A","2026-04-28","2026-04-28 15:16:22",0,"0.00",3,93
9005,"B","2026-04-28","2026-04-28 14:30:16",0,"0.00",6,186
9006,"A","2026-04-28","2026-04-28 10:32:11",0,"0.00",5,155
9007,"B","2026-04-28","2026-04-28 14:06:31",0,"0.00",5,110
9008,"A","2026-04-28","2026-04-28 10:16:23",0,"0.00",2,82
9009,"B","2026-04-28","2026-04-28 12:36:39",0,"0.00",6,120
9010,"B","2026-04-28","2026-04-28 21:46:36",0,"0.00",6,264
9011,"B","2026-04-28","2026-04-28 09:35:00",0,"0.00",4,180
9012,"A","2026-04-28","2026-04-28 10:49:59",0,"0.00",4,116
9013,"B","2026-04-28","2026-04-28 16:13:04",0,"0.00",1,20
9014,"A","2026-04-28","2026-04-28 12:59:38",0,"0.00",6,258
9015,"B","2026-04-28","2026-04-28 17:04:22",0,"0.00",6,264
9016,"B","2026-04-28","2026-04-28 19:49:00",0,"0.00",8,248
9017,"B","2026-04-28","2026-04-28 15:24:18",0,"0.00",2,34
9018,"A","2026-04-28","2026-04-28 15:55:10",0,"0.00",3,123
9019,"B","2026-04-28","2026-04-28 14:16:35",1,"959.22",14,336
9020,"A","2026-04-28","2026-04-28 14:30:10",0,"0.00",8,360
9021,"A","2026-04-28","2026-04-28 11:35:07",0,"0.00",5,95
9022,"B","2026-04-28","2026-04-28 19:05:39",0,"0.00",7,161
9023,"A","2026-04-28","2026-04-28 11:00:11",0,"0.00",3,66
9024,"A","2026-04-28","2026-04-28 11:33:25",0,"0.00",8,352
9025,"A","2026-04-28","2026-04-28 20:04:20",0,"0.00",5,150
9026,"B","2026-04-28","2026-04-28 17:20:33",1,"682.20",9,270
9027,"B","2026-04-28","2026-04-28 11:50:51",0,"0.00",6,264
9028,"A","2026-04-28","2026-04-28 11:09:43",0,"0.00",8,296
9029,"A","2026-04-28","2026-04-28 14:36:43",0,"0.00",5,100
9030,"B","2026-04-28","2026-04-28 21:57:25",0,"0.00",7,259
9031,"A","2026-04-28","2026-04-28 12:45:33",0,"0.00",4,108
9032,"A","2026-04-28","2026-04-28 16:16:09",0,"0.00",7,273
9033,"B","2026-04-28","2026-04-28 10:10:45",0,"0.00",7,217
9034,"A","2026-04-28","2026-04-28 11:26:39",1,"797.33",10,400
9035,"A","2026-04-28","2026-04-28 10:58:01",0,"0.00",8,152
9036,"B","2026-04-28","2026-04-28 19:56:11",0,"0.00",6,108
9037,"B","2026-04-28","2026-04-28 12:14:29",0,"0.00",5,145
9038,"B","2026-04-28","2026-04-28 12:59:14",0,"0.00",1,37
9039,"A","2026-04-28","2026-04-28 11:11:09",0,"0.00",7,252
9040,"B","2026-04-28","2026-04-28 18:37:01",0,"0.00",2,50
9041,"B","2026-04-28","2026-04-28 21:51:55",1,"268.00",6,192
9042,"B","2026-04-28","2026-04-28 11:25:48",0,"0.00",1,21
9043,"B","2026-04-28","2026-04-28 12:38:47",0,"0.00",5,110
9044,"A","2026-04-28","2026-04-28 11:48:04",0,"0.00",7,245
9045,"B","2026-04-28","2026-04-28 19:39:51",0,"0.00",6,246
9046,"B","2026-04-28","2026-04-28 21:36:18",1,"739.82",11,319
9047,"B","2026-04-28","2026-04-28 09:30:53",0,"0.00",1,43
9048,"B","2026-04-28","2026-04-28 19:41:17",1,"327.24",8,256
9049,"A","2026-04-28","2026-04-28 11:47:24",0,"0.00",7,175
9050,"B","2026-04-28","2026-04-28 18:13:44",0,"0.00",1,26
9051,"B","2026-04-28","2026-04-28 16:00:14",0,"0.00",7,133
9052,"A","2026-04-28","2026-04-28 19:37:22",0,"0.00",3,75
9053,"B","2026-04-28","2026-04-28 15:33:08",0,"0.00",2,42
9054,"A","2026-04-28","2026-04-28 21:13:12",0,"0.00",1,39
9055,"A","2026-04-28","2026-04-28 19:13:02",0,"0.00",6,96
9056,"B","2026-04-28","2026-04-28 21:37:35",0,"0.00",6,198
9057,"A","2026-04-28","2026-04-28 10:58:09",0,"0.00",4,64
9058,"A","2026-04-28","2026-04-28 11:14:55",0,"0.00",5,205
9059,"A","2026-04-28","2026-04-28 13:57:57",0,"0.00",5,125
9060,"B","2026-04-28","2026-04-28 15:30:03",1,"806.18",7,280
9061,"A","2026-04-28","2026-04-28 19:47:28",0,"0.00",2,46
9062,"A","2026-04-28","2026-04-28 15:26:32",0,"0.00",3,123
9063,"B","2026-04-28","2026-04-28 13:29:32",0,"0.00",5,95
9064,"A","2026-04-28","2026-04-28 13:25:10",0,"0.00",3,51
9065,"A","2026-04-28","2026-04-28 14:34:20",0,"0.00",5,195
9066,"A","2026-04-28","2026-04-28 10:30:12",0,"0.00",4,96
9067,"B","2026-04-28","2026-04-28 09:48:54",0,"0.00",8,128
9068,"A","2026-04-28","2026-04-28 21:43:27",0,"0.00",7,196
9069,"B","2026-04-28","2026-04-28 15:22:06",0,"0.00",1,39
9070,"B","2026-04-28","2026-04-28 17:33:00",0,"0.00",3,69
9071,"A","2026-04-28","2026-04-28 20:10:02",0,"0.00",5,140
9072,"B","2026-04-28","2026-04-28 19:42:22",0,"0.00",4,180
9073,"A","2026-04-28","2026-04-28 18:02:42",0,"0.00",6,90
9074,"B","2026-04-28","2026-04-28 20:56:21",0,"0.00",7,308
9075,"B","2026-04-28","2026-04-28 11:05:22",0,"0.00",8,128
9076,"B","2026-04-28","2026-04-28 14:03:28",0,"0.00",8,272
9077,"A","2026-04-28","2026-04-28 09:29:00",0,"0.00",3,63
9078,"B","2026-04-28","2026-04-28 20:17:24",0,"0.00",4,92
9079,"B","2026-04-28","2026-04-28 18:31:17",0,"0.00",4,72
9080,"B","2026-04-28","2026-04-28 13:18:24",0,"0.00",1,26
9081,"B","2026-04-28","2026-04-28 16:27:03",0,"0.00",8,296
9082,"A","2026-04-28","2026-04-28 21:02:05",1,"797.86",15,300
9083,"B","2026-04-28","2026-04-28 12:29:15",0,"0.00",1,38
9084,"A","2026-04-28","2026-04-28 18:45:05",1,"232.66",6,162
9085,"A","2026-04-28","2026-04-28 17:29:52",0,"0.00",5,165
9086,"A","2026-04-28","2026-04-28 10:05:33",0,"0.00",5,105
9087,"A","2026-04-28","2026-04-28 12:55:55",0,"0.00",5,150
9088,"A","2026-04-28","2026-04-28 19:47:54",0,"0.00",3,54
9089,"B","2026-04-28","2026-04-28 21:02:19",0,"0.00",8,152
9090,"B","2026-04-28","2026-04-28 11:44:38",0,"0.00",1,19
9091,"A","2026-04-28","2026-04-28 16:44:24",0,"0.00",3,78
9092,"A","2026-04-28","2026-04-28 14:51:12",0,"0.00",6,174
9093,"A","2026-04-28","2026-04-28 13:05:28",0,"0.00",5,155
9094,"B","2026-04-28","2026-04-28 13:39:26",0,"0.00",3,45
9095,"A","2026-04-28","2026-04-28 19:52:18",0,"0.00",4,96
9096,"B","2026-04-28","2026-04-28 21:36:06",0,"0.00",2,60
9097,"B","2026-04-28","2026-04-28 15:58:57",0,"0.00",6,264
9098,"A","2026-04-28","2026-04-28 14:44:24",0,"0.00",8,232
9099,"A","2026-04-28","2026-04-28 09:28:19",0,"0.00",3,84
9100,"B","2026-04-28","2026-04-28 10:58:25",1,"538.97",14,602
9101,"B","2026-04-28","2026-04-28 12:45:58",0,"0.00",8,304
9102,"A","2026-04-28","2026-04-28 12:44:41",0,"0.00",6,96
9103,"B","2026-04-28","2026-04-28 21:39:43",0,"0.00",6,120
9104,"B","2026-04-28","2026-04-28 20:24:31",1,"860.14",7,259
9105,"B","2026-04-28","2026-04-28 09:50:14",0,"0.00",8,208
9106,"A","2026-04-28","2026-04-28 17:09:57",1,"570.71",12,504
9107,"B","2026-04-28","2026-04-28 21:13:42",0,"0.00",2,50
9108,"B","2026-04-28","2026-04-28 16:24:30",0,"0.00",4,140
9109,"A","2026-04-28","2026-04-28 15:09:18",0,"0.00",8,152
9110,"B","2026-04-28","2026-04-28 13:11:03",0,"0.00",2,58
9111,"A","2026-04-28","2026-04-28 17:20:07",0,"0.00",5,180
9112,"B","2026-04-28","2026-04-28 19:03:45",0,"0.00",8,176
9113,"A","2026-04-28","2026-04-28 15:23:45",0,"0.00",6,108
9114,"A","2026-04-28","2026-04-28 13:34:00",0,"0.00",8,240
9115,"B","2026-04-28","2026-04-28 10:53:45",0,"0.00",2,34
9116,"A","2026-04-28","2026-04-28 15:08:45",0,"0.00",7,105
9117,"A","2026-04-28","2026-04-28 16:11:27",0,"0.00",7,301
9118,"B","2026-04-28","2026-04-28 18:50:31",0,"0.00",8,160
9119,"B","2026-04-28","2026-04-28 17:35:09",0,"0.00",3,126
9120,"A","2026-04-28","2026-04-28 18:02:31",0,"0.00",6,162
9121,"A","2026-04-28","2026-04-28 12:51:08",0,"0.00",5,195
9122,"A","2026-04-28","2026-04-28 16:49:46",0,"0.00",3,87
9123,"B","2026-04-28","2026-04-28 19:05:37",0,"0.00",3,57
9124,"A","2026-04-28","2026-04-28 20:03:25",0,"0.00",4,176
9125,"B","2026-04-28","2026-04-28 21:28:35",0,"0.00",8,144
9126,"A","2026-04-28","2026-04-28 17:17:09",1,"511.39",6,186
9127,"B","2026-04-28","2026-04-28 11:19:05",0,"0.00",3,75
9128,"A","2026-04-28","2026-04-28 14:39:34",0,"0.00",8,120
9129,"B","2026-04-28","2026-04-28 17:21:21",0,"0.00",3,63
9130,"B","2026-04-28","2026-04-28 20:15:34",1,"802.85",7,217
9131,"A","2026-04-28","2026-04-28 12:04:38",0,"0.00",5,175
9132,"A","2026-04-28","2026-04-28 19:49:22",0,"0.00",6,252
9133,"A","2026-04-28","2026-04-28 16:56:33",0,"0.00",7,196
9134,"A","2026-04-28","2026-04-28 15:20:40",0,"0.00",8,144
9135,"B","2026-04-28","2026-04-28 10:38:46",0,"0.00",8,312
9136,"B","2026-04-28","2026-04-28 13:27:15",0,"0.00",3,108
9137,"A","2026-04-28","2026-04-28 15:26:53",0,"0.00",4,92
9138,"A","2026-04-28","2026-04-28 21:39:06",0,"0.00",5,130
9139,"A","2026-04-28","2026-04-28 10:41:07",0,"0.00",2,72
9140,"A","2026-04-28","2026-04-28 19:42:03",0,"0.00",2,84
9141,"A","2026-04-28","2026-04-28 18:28:35",1,"812.58",9,243
9142,"A","2026-04-28","2026-04-28 14:09:58",0,"0.00",2,46
9143,"A","2026-04-28","2026-04-28 15:14:41",1,"965.65",13,260
9144,"B","2026-04-28","2026-04-28 21:08:35",0,"0.00",7,189
9145,"B","2026-04-28","2026-04-28 20:53:49",0,"0.00",1,37
9146,"A","2026-04-28","2026-04-28 14:17:33",0,"0.00",4,80
9147,"A","2026-04-28","2026-04-28 09:10:49",1,"511.03",12,396
9148,"A","2026-04-28","2026-04-28 21:40:51",0,"0.00",3,66
9149,"A","2026-04-28","2026-04-28 16:25:23",0,"0.00",5,85
9150,"B","2026-04-28","2026-04-28 19:19:21",0,"0.00",2,70
